,0,1,2,3,4,5,6,7,8,9,10,11,12,13
0,1,10,28,17,<pad>,<pad>,<pad>,<pad>,<pad>,<pad>,<pad>,<pad>,<pad>,<pad>
1,10,9,1,29,18,15,8,19,23,11,10,4,24,<pad>
2,4,17,2,3,29,9,8,<pad>,<pad>,<pad>,<pad>,<pad>,<pad>,<pad>
3,3,17,29,1,18,3,<pad>,<pad>,<pad>,<pad>,<pad>,<pad>,<pad>,<pad>
4,1,17,11,23,<pad>,<pad>,<pad>,<pad>,<pad>,<pad>,<pad>,<pad>,<pad>,<pad>
5,1,9,3,17,<pad>,<pad>,<pad>,<pad>,<pad>,<pad>,<pad>,<pad>,<pad>,<pad>
6,3,2,29,1,15,8,<pad>,<pad>,<pad>,<pad>,<pad>,<pad>,<pad>,<pad>
7,1,23,11,10,<pad>,<pad>,<pad>,<pad>,<pad>,<pad>,<pad>,<pad>,<pad>,<pad>
8,1,1,8,3,<pad>,<pad>,<pad>,<pad>,<pad>,<pad>,<pad>,<pad>,<pad>,<pad>
9,1,16,18,29,<pad>,<pad>,<pad>,<pad>,<pad>,<pad>,<pad>,<pad>,<pad>,<pad>
10,1,15,28,9,<pad>,<pad>,<pad>,<pad>,<pad>,<pad>,<pad>,<pad>,<pad>,<pad>
11,1,2,7,1,<pad>,<pad>,<pad>,<pad>,<pad>,<pad>,<pad>,<pad>,<pad>,<pad>
12,2,22,9,29,12,<pad>,<pad>,<pad>,<pad>,<pad>,<pad>,<pad>,<pad>,<pad>
13,3,16,8,13,29,19,<pad>,<pad>,<pad>,<pad>,<pad>,<pad>,<pad>,<pad>
14,1,1,9,4,<pad>,<pad>,<pad>,<pad>,<pad>,<pad>,<pad>,<pad>,<pad>,<pad>
15,4,16,15,12,4,10,19,<pad>,<pad>,<pad>,<pad>,<pad>,<pad>,<pad>
16,1,4,19,10,<pad>,<pad>,<pad>,<pad>,<pad>,<pad>,<pad>,<pad>,<pad>,<pad>
17,1,15,9,17,<pad>,<pad>,<pad>,<pad>,<pad>,<pad>,<pad>,<pad>,<pad>,<pad>
18,1,29,15,19,<pad>,<pad>,<pad>,<pad>,<pad>,<pad>,<pad>,<pad>,<pad>,<pad>
19,1,9,28,3,<pad>,<pad>,<pad>,<pad>,<pad>,<pad>,<pad>,<pad>,<pad>,<pad>
20,3,15,29,9,19,17,<pad>,<pad>,<pad>,<pad>,<pad>,<pad>,<pad>,<pad>
21,4,29,1,9,19,4,2,<pad>,<pad>,<pad>,<pad>,<pad>,<pad>,<pad>
22,1,18,17,29,<pad>,<pad>,<pad>,<pad>,<pad>,<pad>,<pad>,<pad>,<pad>,<pad>
23,3,29,1,3,17,9,<pad>,<pad>,<pad>,<pad>,<pad>,<pad>,<pad>,<pad>
24,1,15,16,17,<pad>,<pad>,<pad>,<pad>,<pad>,<pad>,<pad>,<pad>,<pad>,<pad>
25,5,19,1,29,9,8,15,10,<pad>,<pad>,<pad>,<pad>,<pad>,<pad>
26,1,1,29,3,<pad>,<pad>,<pad>,<pad>,<pad>,<pad>,<pad>,<pad>,<pad>,<pad>
27,3,3,4,7,9,29,<pad>,<pad>,<pad>,<pad>,<pad>,<pad>,<pad>,<pad>
28,3,9,3,1,15,18,<pad>,<pad>,<pad>,<pad>,<pad>,<pad>,<pad>,<pad>
29,2,8,1,9,11,<pad>,<pad>,<pad>,<pad>,<pad>,<pad>,<pad>,<pad>,<pad>
30,2,11,12,24,4,<pad>,<pad>,<pad>,<pad>,<pad>,<pad>,<pad>,<pad>,<pad>
31,2,15,3,13,16,<pad>,<pad>,<pad>,<pad>,<pad>,<pad>,<pad>,<pad>,<pad>
32,1,19,8,16,<pad>,<pad>,<pad>,<pad>,<pad>,<pad>,<pad>,<pad>,<pad>,<pad>
33,4,8,16,23,29,9,19,<pad>,<pad>,<pad>,<pad>,<pad>,<pad>,<pad>
34,1,23,19,17,<pad>,<pad>,<pad>,<pad>,<pad>,<pad>,<pad>,<pad>,<pad>,<pad>
35,1,29,1,24,<pad>,<pad>,<pad>,<pad>,<pad>,<pad>,<pad>,<pad>,<pad>,<pad>
36,5,3,28,19,8,16,29,1,<pad>,<pad>,<pad>,<pad>,<pad>,<pad>
37,2,15,19,10,23,<pad>,<pad>,<pad>,<pad>,<pad>,<pad>,<pad>,<pad>,<pad>
38,2,9,29,3,1,<pad>,<pad>,<pad>,<pad>,<pad>,<pad>,<pad>,<pad>,<pad>
39,1,29,9,3,<pad>,<pad>,<pad>,<pad>,<pad>,<pad>,<pad>,<pad>,<pad>,<pad>
40,2,8,15,18,13,<pad>,<pad>,<pad>,<pad>,<pad>,<pad>,<pad>,<pad>,<pad>
41,2,28,29,9,17,<pad>,<pad>,<pad>,<pad>,<pad>,<pad>,<pad>,<pad>,<pad>
42,1,8,1,29,<pad>,<pad>,<pad>,<pad>,<pad>,<pad>,<pad>,<pad>,<pad>,<pad>
43,10,12,1,29,9,17,23,11,10,8,15,18,3,<pad>
44,1,7,21,20,<pad>,<pad>,<pad>,<pad>,<pad>,<pad>,<pad>,<pad>,<pad>,<pad>
45,1,14,24,9,<pad>,<pad>,<pad>,<pad>,<pad>,<pad>,<pad>,<pad>,<pad>,<pad>
46,6,14,12,22,19,23,10,9,29,<pad>,<pad>,<pad>,<pad>,<pad>
47,2,15,19,9,29,<pad>,<pad>,<pad>,<pad>,<pad>,<pad>,<pad>,<pad>,<pad>
48,1,10,11,15,<pad>,<pad>,<pad>,<pad>,<pad>,<pad>,<pad>,<pad>,<pad>,<pad>
49,6,19,9,17,1,29,8,4,2,<pad>,<pad>,<pad>,<pad>,<pad>
50,1,15,4,2,<pad>,<pad>,<pad>,<pad>,<pad>,<pad>,<pad>,<pad>,<pad>,<pad>
51,1,12,9,3,<pad>,<pad>,<pad>,<pad>,<pad>,<pad>,<pad>,<pad>,<pad>,<pad>
52,5,8,18,15,1,3,9,19,<pad>,<pad>,<pad>,<pad>,<pad>,<pad>
53,1,1,16,3,<pad>,<pad>,<pad>,<pad>,<pad>,<pad>,<pad>,<pad>,<pad>,<pad>
54,4,29,1,9,19,8,15,<pad>,<pad>,<pad>,<pad>,<pad>,<pad>,<pad>
55,2,10,11,18,7,<pad>,<pad>,<pad>,<pad>,<pad>,<pad>,<pad>,<pad>,<pad>
56,1,17,9,29,<pad>,<pad>,<pad>,<pad>,<pad>,<pad>,<pad>,<pad>,<pad>,<pad>
57,2,4,24,9,22,<pad>,<pad>,<pad>,<pad>,<pad>,<pad>,<pad>,<pad>,<pad>
58,1,18,8,15,<pad>,<pad>,<pad>,<pad>,<pad>,<pad>,<pad>,<pad>,<pad>,<pad>
59,1,23,9,8,<pad>,<pad>,<pad>,<pad>,<pad>,<pad>,<pad>,<pad>,<pad>,<pad>
60,5,19,11,9,29,3,28,13,<pad>,<pad>,<pad>,<pad>,<pad>,<pad>
61,3,1,29,9,19,4,<pad>,<pad>,<pad>,<pad>,<pad>,<pad>,<pad>,<pad>
62,2,17,29,1,9,<pad>,<pad>,<pad>,<pad>,<pad>,<pad>,<pad>,<pad>,<pad>
63,1,18,15,11,<pad>,<pad>,<pad>,<pad>,<pad>,<pad>,<pad>,<pad>,<pad>,<pad>
64,1,3,1,9,<pad>,<pad>,<pad>,<pad>,<pad>,<pad>,<pad>,<pad>,<pad>,<pad>
65,3,18,16,29,9,8,<pad>,<pad>,<pad>,<pad>,<pad>,<pad>,<pad>,<pad>
66,2,23,11,4,2,<pad>,<pad>,<pad>,<pad>,<pad>,<pad>,<pad>,<pad>,<pad>
67,2,9,12,18,19,<pad>,<pad>,<pad>,<pad>,<pad>,<pad>,<pad>,<pad>,<pad>
68,1,15,16,9,<pad>,<pad>,<pad>,<pad>,<pad>,<pad>,<pad>,<pad>,<pad>,<pad>
69,1,19,29,16,<pad>,<pad>,<pad>,<pad>,<pad>,<pad>,<pad>,<pad>,<pad>,<pad>
70,2,8,16,29,9,<pad>,<pad>,<pad>,<pad>,<pad>,<pad>,<pad>,<pad>,<pad>
71,1,19,8,9,<pad>,<pad>,<pad>,<pad>,<pad>,<pad>,<pad>,<pad>,<pad>,<pad>
72,1,9,19,23,<pad>,<pad>,<pad>,<pad>,<pad>,<pad>,<pad>,<pad>,<pad>,<pad>
73,2,19,13,28,17,<pad>,<pad>,<pad>,<pad>,<pad>,<pad>,<pad>,<pad>,<pad>
74,2,28,22,12,14,<pad>,<pad>,<pad>,<pad>,<pad>,<pad>,<pad>,<pad>,<pad>
75,1,19,8,16,<pad>,<pad>,<pad>,<pad>,<pad>,<pad>,<pad>,<pad>,<pad>,<pad>
76,1,29,15,18,<pad>,<pad>,<pad>,<pad>,<pad>,<pad>,<pad>,<pad>,<pad>,<pad>
77,2,28,15,8,19,<pad>,<pad>,<pad>,<pad>,<pad>,<pad>,<pad>,<pad>,<pad>
78,1,18,15,29,<pad>,<pad>,<pad>,<pad>,<pad>,<pad>,<pad>,<pad>,<pad>,<pad>
79,1,8,15,18,<pad>,<pad>,<pad>,<pad>,<pad>,<pad>,<pad>,<pad>,<pad>,<pad>
80,1,29,9,4,<pad>,<pad>,<pad>,<pad>,<pad>,<pad>,<pad>,<pad>,<pad>,<pad>
81,2,3,9,2,24,<pad>,<pad>,<pad>,<pad>,<pad>,<pad>,<pad>,<pad>,<pad>
82,1,8,23,15,<pad>,<pad>,<pad>,<pad>,<pad>,<pad>,<pad>,<pad>,<pad>,<pad>
83,2,1,9,19,23,<pad>,<pad>,<pad>,<pad>,<pad>,<pad>,<pad>,<pad>,<pad>
84,1,29,4,24,<pad>,<pad>,<pad>,<pad>,<pad>,<pad>,<pad>,<pad>,<pad>,<pad>
85,1,29,3,1,<pad>,<pad>,<pad>,<pad>,<pad>,<pad>,<pad>,<pad>,<pad>,<pad>
86,1,19,8,15,<pad>,<pad>,<pad>,<pad>,<pad>,<pad>,<pad>,<pad>,<pad>,<pad>
87,2,8,15,4,9,<pad>,<pad>,<pad>,<pad>,<pad>,<pad>,<pad>,<pad>,<pad>
88,1,24,2,4,<pad>,<pad>,<pad>,<pad>,<pad>,<pad>,<pad>,<pad>,<pad>,<pad>
89,3,15,16,29,19,4,<pad>,<pad>,<pad>,<pad>,<pad>,<pad>,<pad>,<pad>
90,1,15,16,9,<pad>,<pad>,<pad>,<pad>,<pad>,<pad>,<pad>,<pad>,<pad>,<pad>
91,1,4,24,9,<pad>,<pad>,<pad>,<pad>,<pad>,<pad>,<pad>,<pad>,<pad>,<pad>
92,1,3,9,11,<pad>,<pad>,<pad>,<pad>,<pad>,<pad>,<pad>,<pad>,<pad>,<pad>
93,1,28,18,16,<pad>,<pad>,<pad>,<pad>,<pad>,<pad>,<pad>,<pad>,<pad>,<pad>
94,1,18,15,16,<pad>,<pad>,<pad>,<pad>,<pad>,<pad>,<pad>,<pad>,<pad>,<pad>
95,1,19,3,12,<pad>,<pad>,<pad>,<pad>,<pad>,<pad>,<pad>,<pad>,<pad>,<pad>
96,10,1,2,3,6,10,11,17,18,19,20,23,29,<pad>
97,2,29,28,4,3,<pad>,<pad>,<pad>,<pad>,<pad>,<pad>,<pad>,<pad>,<pad>
98,1,9,1,29,<pad>,<pad>,<pad>,<pad>,<pad>,<pad>,<pad>,<pad>,<pad>,<pad>
99,1,29,2,9,<pad>,<pad>,<pad>,<pad>,<pad>,<pad>,<pad>,<pad>,<pad>,<pad>
100,3,10,16,29,2,23,<pad>,<pad>,<pad>,<pad>,<pad>,<pad>,<pad>,<pad>
101,2,8,19,18,28,<pad>,<pad>,<pad>,<pad>,<pad>,<pad>,<pad>,<pad>,<pad>
102,5,19,4,24,13,1,29,28,<pad>,<pad>,<pad>,<pad>,<pad>,<pad>
103,4,23,19,11,24,10,3,<pad>,<pad>,<pad>,<pad>,<pad>,<pad>,<pad>
104,1,2,4,17,<pad>,<pad>,<pad>,<pad>,<pad>,<pad>,<pad>,<pad>,<pad>,<pad>
105,1,10,11,23,<pad>,<pad>,<pad>,<pad>,<pad>,<pad>,<pad>,<pad>,<pad>,<pad>
106,2,10,11,29,9,<pad>,<pad>,<pad>,<pad>,<pad>,<pad>,<pad>,<pad>,<pad>
107,1,28,19,9,<pad>,<pad>,<pad>,<pad>,<pad>,<pad>,<pad>,<pad>,<pad>,<pad>
108,2,29,3,9,17,<pad>,<pad>,<pad>,<pad>,<pad>,<pad>,<pad>,<pad>,<pad>
109,1,29,1,3,<pad>,<pad>,<pad>,<pad>,<pad>,<pad>,<pad>,<pad>,<pad>,<pad>
110,1,18,15,8,<pad>,<pad>,<pad>,<pad>,<pad>,<pad>,<pad>,<pad>,<pad>,<pad>
111,2,4,2,9,1,<pad>,<pad>,<pad>,<pad>,<pad>,<pad>,<pad>,<pad>,<pad>
112,2,22,18,8,15,<pad>,<pad>,<pad>,<pad>,<pad>,<pad>,<pad>,<pad>,<pad>
113,3,13,3,29,9,8,<pad>,<pad>,<pad>,<pad>,<pad>,<pad>,<pad>,<pad>
114,4,11,27,17,4,8,15,<pad>,<pad>,<pad>,<pad>,<pad>,<pad>,<pad>
115,2,15,28,3,17,<pad>,<pad>,<pad>,<pad>,<pad>,<pad>,<pad>,<pad>,<pad>
116,1,13,28,8,<pad>,<pad>,<pad>,<pad>,<pad>,<pad>,<pad>,<pad>,<pad>,<pad>
117,3,13,3,17,9,29,<pad>,<pad>,<pad>,<pad>,<pad>,<pad>,<pad>,<pad>
118,3,3,29,17,28,9,<pad>,<pad>,<pad>,<pad>,<pad>,<pad>,<pad>,<pad>
119,4,3,28,10,23,8,19,<pad>,<pad>,<pad>,<pad>,<pad>,<pad>,<pad>
120,4,13,8,23,11,10,16,<pad>,<pad>,<pad>,<pad>,<pad>,<pad>,<pad>
121,1,1,17,3,<pad>,<pad>,<pad>,<pad>,<pad>,<pad>,<pad>,<pad>,<pad>,<pad>
122,1,18,16,29,<pad>,<pad>,<pad>,<pad>,<pad>,<pad>,<pad>,<pad>,<pad>,<pad>
123,1,4,2,15,<pad>,<pad>,<pad>,<pad>,<pad>,<pad>,<pad>,<pad>,<pad>,<pad>
124,2,29,4,2,8,<pad>,<pad>,<pad>,<pad>,<pad>,<pad>,<pad>,<pad>,<pad>
125,1,9,3,1,<pad>,<pad>,<pad>,<pad>,<pad>,<pad>,<pad>,<pad>,<pad>,<pad>
126,5,24,19,8,15,29,9,1,<pad>,<pad>,<pad>,<pad>,<pad>,<pad>
127,2,19,9,8,1,<pad>,<pad>,<pad>,<pad>,<pad>,<pad>,<pad>,<pad>,<pad>
128,2,9,1,19,15,<pad>,<pad>,<pad>,<pad>,<pad>,<pad>,<pad>,<pad>,<pad>
129,1,19,15,18,<pad>,<pad>,<pad>,<pad>,<pad>,<pad>,<pad>,<pad>,<pad>,<pad>
130,2,1,2,11,23,<pad>,<pad>,<pad>,<pad>,<pad>,<pad>,<pad>,<pad>,<pad>
131,3,1,23,11,10,2,<pad>,<pad>,<pad>,<pad>,<pad>,<pad>,<pad>,<pad>
132,2,17,3,29,19,<pad>,<pad>,<pad>,<pad>,<pad>,<pad>,<pad>,<pad>,<pad>
133,1,11,10,3,<pad>,<pad>,<pad>,<pad>,<pad>,<pad>,<pad>,<pad>,<pad>,<pad>
134,3,29,1,18,15,9,<pad>,<pad>,<pad>,<pad>,<pad>,<pad>,<pad>,<pad>
135,2,8,3,13,1,<pad>,<pad>,<pad>,<pad>,<pad>,<pad>,<pad>,<pad>,<pad>
136,3,19,15,29,1,9,<pad>,<pad>,<pad>,<pad>,<pad>,<pad>,<pad>,<pad>
137,1,19,22,8,<pad>,<pad>,<pad>,<pad>,<pad>,<pad>,<pad>,<pad>,<pad>,<pad>
138,1,11,10,19,<pad>,<pad>,<pad>,<pad>,<pad>,<pad>,<pad>,<pad>,<pad>,<pad>
139,2,8,19,23,11,<pad>,<pad>,<pad>,<pad>,<pad>,<pad>,<pad>,<pad>,<pad>
140,2,9,29,4,24,<pad>,<pad>,<pad>,<pad>,<pad>,<pad>,<pad>,<pad>,<pad>
141,4,9,16,8,15,29,19,<pad>,<pad>,<pad>,<pad>,<pad>,<pad>,<pad>
142,7,16,29,1,17,19,11,23,10,4,<pad>,<pad>,<pad>,<pad>
143,2,18,15,12,8,<pad>,<pad>,<pad>,<pad>,<pad>,<pad>,<pad>,<pad>,<pad>
144,5,1,29,9,2,4,10,11,<pad>,<pad>,<pad>,<pad>,<pad>,<pad>
145,3,10,1,8,11,9,<pad>,<pad>,<pad>,<pad>,<pad>,<pad>,<pad>,<pad>
146,4,1,2,4,29,9,19,<pad>,<pad>,<pad>,<pad>,<pad>,<pad>,<pad>
147,4,9,29,16,15,18,8,<pad>,<pad>,<pad>,<pad>,<pad>,<pad>,<pad>
148,3,8,19,17,28,13,<pad>,<pad>,<pad>,<pad>,<pad>,<pad>,<pad>,<pad>
149,1,2,11,23,<pad>,<pad>,<pad>,<pad>,<pad>,<pad>,<pad>,<pad>,<pad>,<pad>
150,1,18,9,24,<pad>,<pad>,<pad>,<pad>,<pad>,<pad>,<pad>,<pad>,<pad>,<pad>
151,1,1,29,18,<pad>,<pad>,<pad>,<pad>,<pad>,<pad>,<pad>,<pad>,<pad>,<pad>
152,6,15,16,8,9,17,29,1,12,<pad>,<pad>,<pad>,<pad>,<pad>
153,1,15,29,17,<pad>,<pad>,<pad>,<pad>,<pad>,<pad>,<pad>,<pad>,<pad>,<pad>
154,1,9,29,15,<pad>,<pad>,<pad>,<pad>,<pad>,<pad>,<pad>,<pad>,<pad>,<pad>
155,1,9,29,17,<pad>,<pad>,<pad>,<pad>,<pad>,<pad>,<pad>,<pad>,<pad>,<pad>
156,2,3,9,17,15,<pad>,<pad>,<pad>,<pad>,<pad>,<pad>,<pad>,<pad>,<pad>
157,1,18,1,3,<pad>,<pad>,<pad>,<pad>,<pad>,<pad>,<pad>,<pad>,<pad>,<pad>
158,3,16,27,1,18,20,<pad>,<pad>,<pad>,<pad>,<pad>,<pad>,<pad>,<pad>
159,4,18,15,23,19,8,9,<pad>,<pad>,<pad>,<pad>,<pad>,<pad>,<pad>
160,1,8,15,18,<pad>,<pad>,<pad>,<pad>,<pad>,<pad>,<pad>,<pad>,<pad>,<pad>
161,2,28,9,16,15,<pad>,<pad>,<pad>,<pad>,<pad>,<pad>,<pad>,<pad>,<pad>
162,2,28,13,17,15,<pad>,<pad>,<pad>,<pad>,<pad>,<pad>,<pad>,<pad>,<pad>
163,1,17,3,29,<pad>,<pad>,<pad>,<pad>,<pad>,<pad>,<pad>,<pad>,<pad>,<pad>
164,1,29,3,28,<pad>,<pad>,<pad>,<pad>,<pad>,<pad>,<pad>,<pad>,<pad>,<pad>
165,1,8,9,4,<pad>,<pad>,<pad>,<pad>,<pad>,<pad>,<pad>,<pad>,<pad>,<pad>
166,1,20,4,22,<pad>,<pad>,<pad>,<pad>,<pad>,<pad>,<pad>,<pad>,<pad>,<pad>
167,3,3,1,9,19,10,<pad>,<pad>,<pad>,<pad>,<pad>,<pad>,<pad>,<pad>
168,2,28,17,29,9,<pad>,<pad>,<pad>,<pad>,<pad>,<pad>,<pad>,<pad>,<pad>
169,1,18,19,3,<pad>,<pad>,<pad>,<pad>,<pad>,<pad>,<pad>,<pad>,<pad>,<pad>
170,2,9,23,11,10,<pad>,<pad>,<pad>,<pad>,<pad>,<pad>,<pad>,<pad>,<pad>
171,1,29,9,19,<pad>,<pad>,<pad>,<pad>,<pad>,<pad>,<pad>,<pad>,<pad>,<pad>
172,1,9,19,18,<pad>,<pad>,<pad>,<pad>,<pad>,<pad>,<pad>,<pad>,<pad>,<pad>
173,1,9,29,15,<pad>,<pad>,<pad>,<pad>,<pad>,<pad>,<pad>,<pad>,<pad>,<pad>
174,1,18,16,29,<pad>,<pad>,<pad>,<pad>,<pad>,<pad>,<pad>,<pad>,<pad>,<pad>
175,3,9,29,15,16,3,<pad>,<pad>,<pad>,<pad>,<pad>,<pad>,<pad>,<pad>
176,1,3,1,15,<pad>,<pad>,<pad>,<pad>,<pad>,<pad>,<pad>,<pad>,<pad>,<pad>
177,5,19,16,18,23,11,9,8,<pad>,<pad>,<pad>,<pad>,<pad>,<pad>
178,4,11,23,15,16,29,9,<pad>,<pad>,<pad>,<pad>,<pad>,<pad>,<pad>
179,2,9,23,4,2,<pad>,<pad>,<pad>,<pad>,<pad>,<pad>,<pad>,<pad>,<pad>
180,2,3,28,19,11,<pad>,<pad>,<pad>,<pad>,<pad>,<pad>,<pad>,<pad>,<pad>
181,2,19,23,4,24,<pad>,<pad>,<pad>,<pad>,<pad>,<pad>,<pad>,<pad>,<pad>
182,2,19,9,29,1,<pad>,<pad>,<pad>,<pad>,<pad>,<pad>,<pad>,<pad>,<pad>
183,1,4,2,19,<pad>,<pad>,<pad>,<pad>,<pad>,<pad>,<pad>,<pad>,<pad>,<pad>
184,1,3,17,28,<pad>,<pad>,<pad>,<pad>,<pad>,<pad>,<pad>,<pad>,<pad>,<pad>
185,1,29,12,13,<pad>,<pad>,<pad>,<pad>,<pad>,<pad>,<pad>,<pad>,<pad>,<pad>
186,2,8,9,1,29,<pad>,<pad>,<pad>,<pad>,<pad>,<pad>,<pad>,<pad>,<pad>
187,1,9,3,22,<pad>,<pad>,<pad>,<pad>,<pad>,<pad>,<pad>,<pad>,<pad>,<pad>
188,7,29,1,3,9,2,4,11,10,8,<pad>,<pad>,<pad>,<pad>
189,1,10,9,3,<pad>,<pad>,<pad>,<pad>,<pad>,<pad>,<pad>,<pad>,<pad>,<pad>
190,2,1,29,9,8,<pad>,<pad>,<pad>,<pad>,<pad>,<pad>,<pad>,<pad>,<pad>
191,1,8,4,24,<pad>,<pad>,<pad>,<pad>,<pad>,<pad>,<pad>,<pad>,<pad>,<pad>
192,10,19,9,29,8,16,1,11,2,4,23,10,15,<pad>
193,2,1,29,17,3,<pad>,<pad>,<pad>,<pad>,<pad>,<pad>,<pad>,<pad>,<pad>
194,2,23,11,9,3,<pad>,<pad>,<pad>,<pad>,<pad>,<pad>,<pad>,<pad>,<pad>
195,3,3,17,2,1,29,<pad>,<pad>,<pad>,<pad>,<pad>,<pad>,<pad>,<pad>
196,1,29,1,8,<pad>,<pad>,<pad>,<pad>,<pad>,<pad>,<pad>,<pad>,<pad>,<pad>
197,2,28,3,11,23,<pad>,<pad>,<pad>,<pad>,<pad>,<pad>,<pad>,<pad>,<pad>
198,1,3,28,19,<pad>,<pad>,<pad>,<pad>,<pad>,<pad>,<pad>,<pad>,<pad>,<pad>
199,1,9,3,1,<pad>,<pad>,<pad>,<pad>,<pad>,<pad>,<pad>,<pad>,<pad>,<pad>
200,1,9,17,20,<pad>,<pad>,<pad>,<pad>,<pad>,<pad>,<pad>,<pad>,<pad>,<pad>
201,2,1,3,15,16,<pad>,<pad>,<pad>,<pad>,<pad>,<pad>,<pad>,<pad>,<pad>
202,1,2,16,10,<pad>,<pad>,<pad>,<pad>,<pad>,<pad>,<pad>,<pad>,<pad>,<pad>
203,3,16,29,1,3,17,<pad>,<pad>,<pad>,<pad>,<pad>,<pad>,<pad>,<pad>
204,1,4,24,8,<pad>,<pad>,<pad>,<pad>,<pad>,<pad>,<pad>,<pad>,<pad>,<pad>
205,1,15,19,8,<pad>,<pad>,<pad>,<pad>,<pad>,<pad>,<pad>,<pad>,<pad>,<pad>
206,4,9,18,29,17,19,3,<pad>,<pad>,<pad>,<pad>,<pad>,<pad>,<pad>
207,6,23,19,9,17,29,3,10,11,<pad>,<pad>,<pad>,<pad>,<pad>
208,1,17,29,1,<pad>,<pad>,<pad>,<pad>,<pad>,<pad>,<pad>,<pad>,<pad>,<pad>
209,5,8,16,29,9,17,3,28,<pad>,<pad>,<pad>,<pad>,<pad>,<pad>
210,2,4,9,1,17,<pad>,<pad>,<pad>,<pad>,<pad>,<pad>,<pad>,<pad>,<pad>
211,1,23,2,29,<pad>,<pad>,<pad>,<pad>,<pad>,<pad>,<pad>,<pad>,<pad>,<pad>
212,1,17,9,4,<pad>,<pad>,<pad>,<pad>,<pad>,<pad>,<pad>,<pad>,<pad>,<pad>
213,1,2,9,17,<pad>,<pad>,<pad>,<pad>,<pad>,<pad>,<pad>,<pad>,<pad>,<pad>
214,2,29,8,15,16,<pad>,<pad>,<pad>,<pad>,<pad>,<pad>,<pad>,<pad>,<pad>
215,1,15,19,28,<pad>,<pad>,<pad>,<pad>,<pad>,<pad>,<pad>,<pad>,<pad>,<pad>
216,2,13,15,8,28,<pad>,<pad>,<pad>,<pad>,<pad>,<pad>,<pad>,<pad>,<pad>
217,4,8,15,18,29,9,4,<pad>,<pad>,<pad>,<pad>,<pad>,<pad>,<pad>
218,5,23,17,9,29,1,4,2,<pad>,<pad>,<pad>,<pad>,<pad>,<pad>
219,1,18,19,3,<pad>,<pad>,<pad>,<pad>,<pad>,<pad>,<pad>,<pad>,<pad>,<pad>
220,5,1,29,9,19,3,15,18,<pad>,<pad>,<pad>,<pad>,<pad>,<pad>
221,1,4,18,1,<pad>,<pad>,<pad>,<pad>,<pad>,<pad>,<pad>,<pad>,<pad>,<pad>
222,2,1,9,29,15,<pad>,<pad>,<pad>,<pad>,<pad>,<pad>,<pad>,<pad>,<pad>
223,2,15,12,19,9,<pad>,<pad>,<pad>,<pad>,<pad>,<pad>,<pad>,<pad>,<pad>
224,2,3,29,9,12,<pad>,<pad>,<pad>,<pad>,<pad>,<pad>,<pad>,<pad>,<pad>
225,2,9,13,12,20,<pad>,<pad>,<pad>,<pad>,<pad>,<pad>,<pad>,<pad>,<pad>
226,2,9,28,3,29,<pad>,<pad>,<pad>,<pad>,<pad>,<pad>,<pad>,<pad>,<pad>
227,1,18,1,15,<pad>,<pad>,<pad>,<pad>,<pad>,<pad>,<pad>,<pad>,<pad>,<pad>
228,2,17,18,9,29,<pad>,<pad>,<pad>,<pad>,<pad>,<pad>,<pad>,<pad>,<pad>
229,1,4,29,9,<pad>,<pad>,<pad>,<pad>,<pad>,<pad>,<pad>,<pad>,<pad>,<pad>
230,1,9,16,15,<pad>,<pad>,<pad>,<pad>,<pad>,<pad>,<pad>,<pad>,<pad>,<pad>
231,1,1,2,29,<pad>,<pad>,<pad>,<pad>,<pad>,<pad>,<pad>,<pad>,<pad>,<pad>
232,3,15,19,10,8,9,<pad>,<pad>,<pad>,<pad>,<pad>,<pad>,<pad>,<pad>
233,2,29,4,24,8,<pad>,<pad>,<pad>,<pad>,<pad>,<pad>,<pad>,<pad>,<pad>
234,2,7,4,23,3,<pad>,<pad>,<pad>,<pad>,<pad>,<pad>,<pad>,<pad>,<pad>
235,1,23,10,12,<pad>,<pad>,<pad>,<pad>,<pad>,<pad>,<pad>,<pad>,<pad>,<pad>
236,1,12,18,15,<pad>,<pad>,<pad>,<pad>,<pad>,<pad>,<pad>,<pad>,<pad>,<pad>
237,2,12,1,29,3,<pad>,<pad>,<pad>,<pad>,<pad>,<pad>,<pad>,<pad>,<pad>
238,1,23,11,10,<pad>,<pad>,<pad>,<pad>,<pad>,<pad>,<pad>,<pad>,<pad>,<pad>
239,4,29,16,8,28,1,18,<pad>,<pad>,<pad>,<pad>,<pad>,<pad>,<pad>
240,7,4,2,9,29,1,12,18,15,16,<pad>,<pad>,<pad>,<pad>
241,3,1,23,10,11,17,<pad>,<pad>,<pad>,<pad>,<pad>,<pad>,<pad>,<pad>
242,2,29,1,18,9,<pad>,<pad>,<pad>,<pad>,<pad>,<pad>,<pad>,<pad>,<pad>
243,5,8,16,29,9,17,3,28,<pad>,<pad>,<pad>,<pad>,<pad>,<pad>
244,1,18,19,3,<pad>,<pad>,<pad>,<pad>,<pad>,<pad>,<pad>,<pad>,<pad>,<pad>
245,1,19,29,8,<pad>,<pad>,<pad>,<pad>,<pad>,<pad>,<pad>,<pad>,<pad>,<pad>
246,1,9,1,7,<pad>,<pad>,<pad>,<pad>,<pad>,<pad>,<pad>,<pad>,<pad>,<pad>
247,1,8,15,16,<pad>,<pad>,<pad>,<pad>,<pad>,<pad>,<pad>,<pad>,<pad>,<pad>
248,1,1,4,24,<pad>,<pad>,<pad>,<pad>,<pad>,<pad>,<pad>,<pad>,<pad>,<pad>
249,1,18,15,7,<pad>,<pad>,<pad>,<pad>,<pad>,<pad>,<pad>,<pad>,<pad>,<pad>
250,1,3,9,8,<pad>,<pad>,<pad>,<pad>,<pad>,<pad>,<pad>,<pad>,<pad>,<pad>
251,3,8,22,1,29,9,<pad>,<pad>,<pad>,<pad>,<pad>,<pad>,<pad>,<pad>
252,2,18,29,9,23,<pad>,<pad>,<pad>,<pad>,<pad>,<pad>,<pad>,<pad>,<pad>
253,2,9,1,17,19,<pad>,<pad>,<pad>,<pad>,<pad>,<pad>,<pad>,<pad>,<pad>
254,1,8,19,4,<pad>,<pad>,<pad>,<pad>,<pad>,<pad>,<pad>,<pad>,<pad>,<pad>
255,2,23,29,2,9,<pad>,<pad>,<pad>,<pad>,<pad>,<pad>,<pad>,<pad>,<pad>
256,1,9,8,1,<pad>,<pad>,<pad>,<pad>,<pad>,<pad>,<pad>,<pad>,<pad>,<pad>
257,3,29,1,15,19,8,<pad>,<pad>,<pad>,<pad>,<pad>,<pad>,<pad>,<pad>
258,1,9,29,1,<pad>,<pad>,<pad>,<pad>,<pad>,<pad>,<pad>,<pad>,<pad>,<pad>
259,2,3,29,15,16,<pad>,<pad>,<pad>,<pad>,<pad>,<pad>,<pad>,<pad>,<pad>
260,1,19,15,22,<pad>,<pad>,<pad>,<pad>,<pad>,<pad>,<pad>,<pad>,<pad>,<pad>
261,1,29,1,18,<pad>,<pad>,<pad>,<pad>,<pad>,<pad>,<pad>,<pad>,<pad>,<pad>
262,1,29,15,28,<pad>,<pad>,<pad>,<pad>,<pad>,<pad>,<pad>,<pad>,<pad>,<pad>
263,1,9,1,29,<pad>,<pad>,<pad>,<pad>,<pad>,<pad>,<pad>,<pad>,<pad>,<pad>
264,3,15,18,29,9,3,<pad>,<pad>,<pad>,<pad>,<pad>,<pad>,<pad>,<pad>
265,2,15,9,27,17,<pad>,<pad>,<pad>,<pad>,<pad>,<pad>,<pad>,<pad>,<pad>
266,1,10,11,28,<pad>,<pad>,<pad>,<pad>,<pad>,<pad>,<pad>,<pad>,<pad>,<pad>
267,3,2,4,11,23,10,<pad>,<pad>,<pad>,<pad>,<pad>,<pad>,<pad>,<pad>
268,2,15,29,1,19,<pad>,<pad>,<pad>,<pad>,<pad>,<pad>,<pad>,<pad>,<pad>
269,5,19,4,2,24,7,3,17,<pad>,<pad>,<pad>,<pad>,<pad>,<pad>
270,3,29,1,18,16,8,<pad>,<pad>,<pad>,<pad>,<pad>,<pad>,<pad>,<pad>
271,2,1,15,8,19,<pad>,<pad>,<pad>,<pad>,<pad>,<pad>,<pad>,<pad>,<pad>
272,2,8,19,9,29,<pad>,<pad>,<pad>,<pad>,<pad>,<pad>,<pad>,<pad>,<pad>
273,1,29,1,3,<pad>,<pad>,<pad>,<pad>,<pad>,<pad>,<pad>,<pad>,<pad>,<pad>
274,3,23,10,11,4,2,<pad>,<pad>,<pad>,<pad>,<pad>,<pad>,<pad>,<pad>
275,1,3,29,9,<pad>,<pad>,<pad>,<pad>,<pad>,<pad>,<pad>,<pad>,<pad>,<pad>
276,1,3,9,23,<pad>,<pad>,<pad>,<pad>,<pad>,<pad>,<pad>,<pad>,<pad>,<pad>
277,1,19,8,3,<pad>,<pad>,<pad>,<pad>,<pad>,<pad>,<pad>,<pad>,<pad>,<pad>
278,1,9,3,19,<pad>,<pad>,<pad>,<pad>,<pad>,<pad>,<pad>,<pad>,<pad>,<pad>
279,2,4,9,29,18,<pad>,<pad>,<pad>,<pad>,<pad>,<pad>,<pad>,<pad>,<pad>
280,1,9,29,3,<pad>,<pad>,<pad>,<pad>,<pad>,<pad>,<pad>,<pad>,<pad>,<pad>
281,4,12,18,16,29,3,8,<pad>,<pad>,<pad>,<pad>,<pad>,<pad>,<pad>
282,1,19,23,3,<pad>,<pad>,<pad>,<pad>,<pad>,<pad>,<pad>,<pad>,<pad>,<pad>
283,2,29,1,9,28,<pad>,<pad>,<pad>,<pad>,<pad>,<pad>,<pad>,<pad>,<pad>
284,1,15,8,19,<pad>,<pad>,<pad>,<pad>,<pad>,<pad>,<pad>,<pad>,<pad>,<pad>
285,1,1,15,8,<pad>,<pad>,<pad>,<pad>,<pad>,<pad>,<pad>,<pad>,<pad>,<pad>
286,3,16,29,1,9,8,<pad>,<pad>,<pad>,<pad>,<pad>,<pad>,<pad>,<pad>
287,2,8,9,29,16,<pad>,<pad>,<pad>,<pad>,<pad>,<pad>,<pad>,<pad>,<pad>
288,1,15,9,23,<pad>,<pad>,<pad>,<pad>,<pad>,<pad>,<pad>,<pad>,<pad>,<pad>
289,1,1,9,3,<pad>,<pad>,<pad>,<pad>,<pad>,<pad>,<pad>,<pad>,<pad>,<pad>
290,4,15,18,22,29,9,4,<pad>,<pad>,<pad>,<pad>,<pad>,<pad>,<pad>
291,2,2,4,9,15,<pad>,<pad>,<pad>,<pad>,<pad>,<pad>,<pad>,<pad>,<pad>
292,3,8,9,17,15,16,<pad>,<pad>,<pad>,<pad>,<pad>,<pad>,<pad>,<pad>
293,3,9,29,4,3,8,<pad>,<pad>,<pad>,<pad>,<pad>,<pad>,<pad>,<pad>
294,2,3,17,28,9,<pad>,<pad>,<pad>,<pad>,<pad>,<pad>,<pad>,<pad>,<pad>
295,2,15,8,16,9,<pad>,<pad>,<pad>,<pad>,<pad>,<pad>,<pad>,<pad>,<pad>
296,1,9,4,2,<pad>,<pad>,<pad>,<pad>,<pad>,<pad>,<pad>,<pad>,<pad>,<pad>
297,1,8,9,11,<pad>,<pad>,<pad>,<pad>,<pad>,<pad>,<pad>,<pad>,<pad>,<pad>
298,3,1,9,29,15,3,<pad>,<pad>,<pad>,<pad>,<pad>,<pad>,<pad>,<pad>
299,4,4,11,7,24,8,18,<pad>,<pad>,<pad>,<pad>,<pad>,<pad>,<pad>
300,1,19,9,29,<pad>,<pad>,<pad>,<pad>,<pad>,<pad>,<pad>,<pad>,<pad>,<pad>
301,1,29,19,10,<pad>,<pad>,<pad>,<pad>,<pad>,<pad>,<pad>,<pad>,<pad>,<pad>
302,3,23,11,10,19,8,<pad>,<pad>,<pad>,<pad>,<pad>,<pad>,<pad>,<pad>
303,1,8,29,1,<pad>,<pad>,<pad>,<pad>,<pad>,<pad>,<pad>,<pad>,<pad>,<pad>
304,3,9,8,17,29,16,<pad>,<pad>,<pad>,<pad>,<pad>,<pad>,<pad>,<pad>
305,1,1,29,9,<pad>,<pad>,<pad>,<pad>,<pad>,<pad>,<pad>,<pad>,<pad>,<pad>
306,7,9,17,3,12,1,18,28,10,11,<pad>,<pad>,<pad>,<pad>
307,4,9,18,15,16,8,29,<pad>,<pad>,<pad>,<pad>,<pad>,<pad>,<pad>
308,1,9,29,1,<pad>,<pad>,<pad>,<pad>,<pad>,<pad>,<pad>,<pad>,<pad>,<pad>
309,5,23,10,29,9,17,2,1,<pad>,<pad>,<pad>,<pad>,<pad>,<pad>
310,6,19,10,9,29,8,3,17,1,<pad>,<pad>,<pad>,<pad>,<pad>
311,2,29,1,9,3,<pad>,<pad>,<pad>,<pad>,<pad>,<pad>,<pad>,<pad>,<pad>
312,3,19,8,15,18,22,<pad>,<pad>,<pad>,<pad>,<pad>,<pad>,<pad>,<pad>
313,1,15,16,9,<pad>,<pad>,<pad>,<pad>,<pad>,<pad>,<pad>,<pad>,<pad>,<pad>
314,1,9,1,3,<pad>,<pad>,<pad>,<pad>,<pad>,<pad>,<pad>,<pad>,<pad>,<pad>
315,1,29,9,8,<pad>,<pad>,<pad>,<pad>,<pad>,<pad>,<pad>,<pad>,<pad>,<pad>
316,1,28,29,9,<pad>,<pad>,<pad>,<pad>,<pad>,<pad>,<pad>,<pad>,<pad>,<pad>
317,1,1,9,19,<pad>,<pad>,<pad>,<pad>,<pad>,<pad>,<pad>,<pad>,<pad>,<pad>
318,5,15,29,1,16,9,11,8,<pad>,<pad>,<pad>,<pad>,<pad>,<pad>
319,2,9,29,18,1,<pad>,<pad>,<pad>,<pad>,<pad>,<pad>,<pad>,<pad>,<pad>
320,2,9,1,18,8,<pad>,<pad>,<pad>,<pad>,<pad>,<pad>,<pad>,<pad>,<pad>
321,4,9,1,29,15,18,8,<pad>,<pad>,<pad>,<pad>,<pad>,<pad>,<pad>
322,1,8,15,12,<pad>,<pad>,<pad>,<pad>,<pad>,<pad>,<pad>,<pad>,<pad>,<pad>
323,2,1,3,15,9,<pad>,<pad>,<pad>,<pad>,<pad>,<pad>,<pad>,<pad>,<pad>
324,1,1,15,29,<pad>,<pad>,<pad>,<pad>,<pad>,<pad>,<pad>,<pad>,<pad>,<pad>
325,1,1,9,15,<pad>,<pad>,<pad>,<pad>,<pad>,<pad>,<pad>,<pad>,<pad>,<pad>
326,8,8,18,1,3,29,23,4,24,2,19,<pad>,<pad>,<pad>
327,2,19,15,12,1,<pad>,<pad>,<pad>,<pad>,<pad>,<pad>,<pad>,<pad>,<pad>
328,1,4,9,29,<pad>,<pad>,<pad>,<pad>,<pad>,<pad>,<pad>,<pad>,<pad>,<pad>
329,3,29,9,23,3,19,<pad>,<pad>,<pad>,<pad>,<pad>,<pad>,<pad>,<pad>
330,5,15,9,17,4,2,10,11,<pad>,<pad>,<pad>,<pad>,<pad>,<pad>
331,1,29,1,16,<pad>,<pad>,<pad>,<pad>,<pad>,<pad>,<pad>,<pad>,<pad>,<pad>
332,3,11,8,1,2,16,<pad>,<pad>,<pad>,<pad>,<pad>,<pad>,<pad>,<pad>
333,4,9,29,19,1,8,15,<pad>,<pad>,<pad>,<pad>,<pad>,<pad>,<pad>
334,2,4,2,9,19,<pad>,<pad>,<pad>,<pad>,<pad>,<pad>,<pad>,<pad>,<pad>
335,3,8,17,29,4,19,<pad>,<pad>,<pad>,<pad>,<pad>,<pad>,<pad>,<pad>
336,1,1,3,9,<pad>,<pad>,<pad>,<pad>,<pad>,<pad>,<pad>,<pad>,<pad>,<pad>
337,2,3,8,15,1,<pad>,<pad>,<pad>,<pad>,<pad>,<pad>,<pad>,<pad>,<pad>
338,2,2,4,10,8,<pad>,<pad>,<pad>,<pad>,<pad>,<pad>,<pad>,<pad>,<pad>
339,2,9,29,1,3,<pad>,<pad>,<pad>,<pad>,<pad>,<pad>,<pad>,<pad>,<pad>
340,3,9,16,19,11,10,<pad>,<pad>,<pad>,<pad>,<pad>,<pad>,<pad>,<pad>
341,2,2,4,11,10,<pad>,<pad>,<pad>,<pad>,<pad>,<pad>,<pad>,<pad>,<pad>
342,1,9,18,15,<pad>,<pad>,<pad>,<pad>,<pad>,<pad>,<pad>,<pad>,<pad>,<pad>
343,1,8,19,29,<pad>,<pad>,<pad>,<pad>,<pad>,<pad>,<pad>,<pad>,<pad>,<pad>
344,1,4,28,24,<pad>,<pad>,<pad>,<pad>,<pad>,<pad>,<pad>,<pad>,<pad>,<pad>
345,1,3,8,29,<pad>,<pad>,<pad>,<pad>,<pad>,<pad>,<pad>,<pad>,<pad>,<pad>
346,1,17,3,19,<pad>,<pad>,<pad>,<pad>,<pad>,<pad>,<pad>,<pad>,<pad>,<pad>
347,1,29,8,19,<pad>,<pad>,<pad>,<pad>,<pad>,<pad>,<pad>,<pad>,<pad>,<pad>
348,1,9,4,2,<pad>,<pad>,<pad>,<pad>,<pad>,<pad>,<pad>,<pad>,<pad>,<pad>
349,4,23,1,18,2,10,4,<pad>,<pad>,<pad>,<pad>,<pad>,<pad>,<pad>
350,1,24,3,4,<pad>,<pad>,<pad>,<pad>,<pad>,<pad>,<pad>,<pad>,<pad>,<pad>
351,8,15,28,8,12,1,29,23,19,9,10,<pad>,<pad>,<pad>
352,1,19,1,8,<pad>,<pad>,<pad>,<pad>,<pad>,<pad>,<pad>,<pad>,<pad>,<pad>
353,4,9,8,29,16,15,19,<pad>,<pad>,<pad>,<pad>,<pad>,<pad>,<pad>
354,2,8,16,29,1,<pad>,<pad>,<pad>,<pad>,<pad>,<pad>,<pad>,<pad>,<pad>
355,3,19,9,17,8,16,<pad>,<pad>,<pad>,<pad>,<pad>,<pad>,<pad>,<pad>
356,4,19,8,9,29,16,15,<pad>,<pad>,<pad>,<pad>,<pad>,<pad>,<pad>
357,1,15,4,19,<pad>,<pad>,<pad>,<pad>,<pad>,<pad>,<pad>,<pad>,<pad>,<pad>
358,2,29,9,4,2,<pad>,<pad>,<pad>,<pad>,<pad>,<pad>,<pad>,<pad>,<pad>
359,1,9,4,2,<pad>,<pad>,<pad>,<pad>,<pad>,<pad>,<pad>,<pad>,<pad>,<pad>
360,1,10,11,19,<pad>,<pad>,<pad>,<pad>,<pad>,<pad>,<pad>,<pad>,<pad>,<pad>
361,1,22,29,15,<pad>,<pad>,<pad>,<pad>,<pad>,<pad>,<pad>,<pad>,<pad>,<pad>
362,3,17,29,1,9,11,<pad>,<pad>,<pad>,<pad>,<pad>,<pad>,<pad>,<pad>
363,1,18,1,9,<pad>,<pad>,<pad>,<pad>,<pad>,<pad>,<pad>,<pad>,<pad>,<pad>
364,2,23,10,11,19,<pad>,<pad>,<pad>,<pad>,<pad>,<pad>,<pad>,<pad>,<pad>
365,3,23,11,10,8,16,<pad>,<pad>,<pad>,<pad>,<pad>,<pad>,<pad>,<pad>
366,1,3,8,28,<pad>,<pad>,<pad>,<pad>,<pad>,<pad>,<pad>,<pad>,<pad>,<pad>
367,1,4,9,3,<pad>,<pad>,<pad>,<pad>,<pad>,<pad>,<pad>,<pad>,<pad>,<pad>
368,1,9,15,18,<pad>,<pad>,<pad>,<pad>,<pad>,<pad>,<pad>,<pad>,<pad>,<pad>
369,1,29,9,28,<pad>,<pad>,<pad>,<pad>,<pad>,<pad>,<pad>,<pad>,<pad>,<pad>
370,1,29,14,1,<pad>,<pad>,<pad>,<pad>,<pad>,<pad>,<pad>,<pad>,<pad>,<pad>
371,1,7,17,9,<pad>,<pad>,<pad>,<pad>,<pad>,<pad>,<pad>,<pad>,<pad>,<pad>
372,1,9,29,8,<pad>,<pad>,<pad>,<pad>,<pad>,<pad>,<pad>,<pad>,<pad>,<pad>
373,4,29,1,3,15,16,19,<pad>,<pad>,<pad>,<pad>,<pad>,<pad>,<pad>
374,4,4,2,9,29,8,15,<pad>,<pad>,<pad>,<pad>,<pad>,<pad>,<pad>
375,2,1,29,8,9,<pad>,<pad>,<pad>,<pad>,<pad>,<pad>,<pad>,<pad>,<pad>
376,4,11,29,1,9,17,8,<pad>,<pad>,<pad>,<pad>,<pad>,<pad>,<pad>
377,3,3,10,11,1,9,<pad>,<pad>,<pad>,<pad>,<pad>,<pad>,<pad>,<pad>
378,1,9,17,19,<pad>,<pad>,<pad>,<pad>,<pad>,<pad>,<pad>,<pad>,<pad>,<pad>
379,4,19,8,16,29,1,9,<pad>,<pad>,<pad>,<pad>,<pad>,<pad>,<pad>
380,2,11,10,19,16,<pad>,<pad>,<pad>,<pad>,<pad>,<pad>,<pad>,<pad>,<pad>
381,4,13,8,9,29,4,2,<pad>,<pad>,<pad>,<pad>,<pad>,<pad>,<pad>
382,3,1,8,10,29,18,<pad>,<pad>,<pad>,<pad>,<pad>,<pad>,<pad>,<pad>
383,3,8,10,4,29,1,<pad>,<pad>,<pad>,<pad>,<pad>,<pad>,<pad>,<pad>
384,1,8,1,29,<pad>,<pad>,<pad>,<pad>,<pad>,<pad>,<pad>,<pad>,<pad>,<pad>
385,3,10,2,4,1,8,<pad>,<pad>,<pad>,<pad>,<pad>,<pad>,<pad>,<pad>
386,4,18,29,4,8,3,10,<pad>,<pad>,<pad>,<pad>,<pad>,<pad>,<pad>
387,1,1,29,9,<pad>,<pad>,<pad>,<pad>,<pad>,<pad>,<pad>,<pad>,<pad>,<pad>
388,1,1,3,24,<pad>,<pad>,<pad>,<pad>,<pad>,<pad>,<pad>,<pad>,<pad>,<pad>
389,2,19,8,9,29,<pad>,<pad>,<pad>,<pad>,<pad>,<pad>,<pad>,<pad>,<pad>
390,1,1,29,18,<pad>,<pad>,<pad>,<pad>,<pad>,<pad>,<pad>,<pad>,<pad>,<pad>
391,2,18,15,12,19,<pad>,<pad>,<pad>,<pad>,<pad>,<pad>,<pad>,<pad>,<pad>
392,1,29,17,9,<pad>,<pad>,<pad>,<pad>,<pad>,<pad>,<pad>,<pad>,<pad>,<pad>
393,1,9,29,1,<pad>,<pad>,<pad>,<pad>,<pad>,<pad>,<pad>,<pad>,<pad>,<pad>
394,1,1,18,19,<pad>,<pad>,<pad>,<pad>,<pad>,<pad>,<pad>,<pad>,<pad>,<pad>
395,3,11,10,15,4,18,<pad>,<pad>,<pad>,<pad>,<pad>,<pad>,<pad>,<pad>
396,6,1,29,3,9,17,11,2,19,<pad>,<pad>,<pad>,<pad>,<pad>
397,2,11,9,29,17,<pad>,<pad>,<pad>,<pad>,<pad>,<pad>,<pad>,<pad>,<pad>
398,2,1,29,9,2,<pad>,<pad>,<pad>,<pad>,<pad>,<pad>,<pad>,<pad>,<pad>
399,2,9,3,17,16,<pad>,<pad>,<pad>,<pad>,<pad>,<pad>,<pad>,<pad>,<pad>
400,2,1,29,9,15,<pad>,<pad>,<pad>,<pad>,<pad>,<pad>,<pad>,<pad>,<pad>
401,1,9,29,8,<pad>,<pad>,<pad>,<pad>,<pad>,<pad>,<pad>,<pad>,<pad>,<pad>
402,4,10,11,4,29,17,1,<pad>,<pad>,<pad>,<pad>,<pad>,<pad>,<pad>
403,2,24,7,17,12,<pad>,<pad>,<pad>,<pad>,<pad>,<pad>,<pad>,<pad>,<pad>
404,1,3,17,9,<pad>,<pad>,<pad>,<pad>,<pad>,<pad>,<pad>,<pad>,<pad>,<pad>
405,1,13,8,1,<pad>,<pad>,<pad>,<pad>,<pad>,<pad>,<pad>,<pad>,<pad>,<pad>
406,2,9,29,8,23,<pad>,<pad>,<pad>,<pad>,<pad>,<pad>,<pad>,<pad>,<pad>
407,1,9,17,29,<pad>,<pad>,<pad>,<pad>,<pad>,<pad>,<pad>,<pad>,<pad>,<pad>
408,1,2,24,4,<pad>,<pad>,<pad>,<pad>,<pad>,<pad>,<pad>,<pad>,<pad>,<pad>
409,5,1,29,9,19,8,15,16,<pad>,<pad>,<pad>,<pad>,<pad>,<pad>
410,1,3,29,16,<pad>,<pad>,<pad>,<pad>,<pad>,<pad>,<pad>,<pad>,<pad>,<pad>
411,11,1,29,9,19,23,10,11,8,16,15,18,4,24
412,1,9,29,16,<pad>,<pad>,<pad>,<pad>,<pad>,<pad>,<pad>,<pad>,<pad>,<pad>
413,3,8,15,9,19,21,<pad>,<pad>,<pad>,<pad>,<pad>,<pad>,<pad>,<pad>
414,1,8,16,29,<pad>,<pad>,<pad>,<pad>,<pad>,<pad>,<pad>,<pad>,<pad>,<pad>
415,1,29,18,15,<pad>,<pad>,<pad>,<pad>,<pad>,<pad>,<pad>,<pad>,<pad>,<pad>
416,1,29,1,3,<pad>,<pad>,<pad>,<pad>,<pad>,<pad>,<pad>,<pad>,<pad>,<pad>
417,1,3,13,8,<pad>,<pad>,<pad>,<pad>,<pad>,<pad>,<pad>,<pad>,<pad>,<pad>
418,1,2,4,23,<pad>,<pad>,<pad>,<pad>,<pad>,<pad>,<pad>,<pad>,<pad>,<pad>
419,1,11,10,23,<pad>,<pad>,<pad>,<pad>,<pad>,<pad>,<pad>,<pad>,<pad>,<pad>
420,1,8,15,17,<pad>,<pad>,<pad>,<pad>,<pad>,<pad>,<pad>,<pad>,<pad>,<pad>
421,6,18,2,7,8,19,16,15,9,<pad>,<pad>,<pad>,<pad>,<pad>
422,1,29,1,8,<pad>,<pad>,<pad>,<pad>,<pad>,<pad>,<pad>,<pad>,<pad>,<pad>
423,2,3,29,16,15,<pad>,<pad>,<pad>,<pad>,<pad>,<pad>,<pad>,<pad>,<pad>
424,3,14,12,18,16,1,<pad>,<pad>,<pad>,<pad>,<pad>,<pad>,<pad>,<pad>
425,6,18,15,16,29,9,3,28,13,<pad>,<pad>,<pad>,<pad>,<pad>
426,1,11,10,2,<pad>,<pad>,<pad>,<pad>,<pad>,<pad>,<pad>,<pad>,<pad>,<pad>
427,1,1,29,9,<pad>,<pad>,<pad>,<pad>,<pad>,<pad>,<pad>,<pad>,<pad>,<pad>
428,1,16,15,18,<pad>,<pad>,<pad>,<pad>,<pad>,<pad>,<pad>,<pad>,<pad>,<pad>
429,1,20,22,19,<pad>,<pad>,<pad>,<pad>,<pad>,<pad>,<pad>,<pad>,<pad>,<pad>
430,1,24,19,8,<pad>,<pad>,<pad>,<pad>,<pad>,<pad>,<pad>,<pad>,<pad>,<pad>
431,1,13,8,19,<pad>,<pad>,<pad>,<pad>,<pad>,<pad>,<pad>,<pad>,<pad>,<pad>
432,1,29,11,10,<pad>,<pad>,<pad>,<pad>,<pad>,<pad>,<pad>,<pad>,<pad>,<pad>
433,1,29,9,4,<pad>,<pad>,<pad>,<pad>,<pad>,<pad>,<pad>,<pad>,<pad>,<pad>
434,2,9,17,3,15,<pad>,<pad>,<pad>,<pad>,<pad>,<pad>,<pad>,<pad>,<pad>
435,2,3,1,4,15,<pad>,<pad>,<pad>,<pad>,<pad>,<pad>,<pad>,<pad>,<pad>
436,2,17,9,29,4,<pad>,<pad>,<pad>,<pad>,<pad>,<pad>,<pad>,<pad>,<pad>
437,1,9,28,8,<pad>,<pad>,<pad>,<pad>,<pad>,<pad>,<pad>,<pad>,<pad>,<pad>
438,1,1,4,2,<pad>,<pad>,<pad>,<pad>,<pad>,<pad>,<pad>,<pad>,<pad>,<pad>
439,3,29,1,14,16,15,<pad>,<pad>,<pad>,<pad>,<pad>,<pad>,<pad>,<pad>
440,1,3,13,18,<pad>,<pad>,<pad>,<pad>,<pad>,<pad>,<pad>,<pad>,<pad>,<pad>
441,2,9,28,29,19,<pad>,<pad>,<pad>,<pad>,<pad>,<pad>,<pad>,<pad>,<pad>
442,1,1,29,9,<pad>,<pad>,<pad>,<pad>,<pad>,<pad>,<pad>,<pad>,<pad>,<pad>
443,7,22,18,1,16,29,9,17,19,23,<pad>,<pad>,<pad>,<pad>
444,4,15,9,3,28,29,18,<pad>,<pad>,<pad>,<pad>,<pad>,<pad>,<pad>
445,4,1,29,9,4,2,7,<pad>,<pad>,<pad>,<pad>,<pad>,<pad>,<pad>
446,5,19,11,10,8,22,18,15,<pad>,<pad>,<pad>,<pad>,<pad>,<pad>
447,6,19,9,17,29,4,2,8,15,<pad>,<pad>,<pad>,<pad>,<pad>
448,2,16,1,23,10,<pad>,<pad>,<pad>,<pad>,<pad>,<pad>,<pad>,<pad>,<pad>
449,2,9,29,15,18,<pad>,<pad>,<pad>,<pad>,<pad>,<pad>,<pad>,<pad>,<pad>
450,1,9,16,18,<pad>,<pad>,<pad>,<pad>,<pad>,<pad>,<pad>,<pad>,<pad>,<pad>
451,1,17,9,1,<pad>,<pad>,<pad>,<pad>,<pad>,<pad>,<pad>,<pad>,<pad>,<pad>
452,1,13,28,3,<pad>,<pad>,<pad>,<pad>,<pad>,<pad>,<pad>,<pad>,<pad>,<pad>
453,2,17,9,16,15,<pad>,<pad>,<pad>,<pad>,<pad>,<pad>,<pad>,<pad>,<pad>
454,1,9,15,16,<pad>,<pad>,<pad>,<pad>,<pad>,<pad>,<pad>,<pad>,<pad>,<pad>
455,1,9,29,28,<pad>,<pad>,<pad>,<pad>,<pad>,<pad>,<pad>,<pad>,<pad>,<pad>
456,1,13,28,3,<pad>,<pad>,<pad>,<pad>,<pad>,<pad>,<pad>,<pad>,<pad>,<pad>
457,1,17,9,8,<pad>,<pad>,<pad>,<pad>,<pad>,<pad>,<pad>,<pad>,<pad>,<pad>
458,2,9,29,15,12,<pad>,<pad>,<pad>,<pad>,<pad>,<pad>,<pad>,<pad>,<pad>
459,1,8,15,22,<pad>,<pad>,<pad>,<pad>,<pad>,<pad>,<pad>,<pad>,<pad>,<pad>
460,1,17,9,29,<pad>,<pad>,<pad>,<pad>,<pad>,<pad>,<pad>,<pad>,<pad>,<pad>
461,2,28,3,17,14,<pad>,<pad>,<pad>,<pad>,<pad>,<pad>,<pad>,<pad>,<pad>
462,1,9,16,15,<pad>,<pad>,<pad>,<pad>,<pad>,<pad>,<pad>,<pad>,<pad>,<pad>
463,1,17,9,15,<pad>,<pad>,<pad>,<pad>,<pad>,<pad>,<pad>,<pad>,<pad>,<pad>
464,2,16,3,4,15,<pad>,<pad>,<pad>,<pad>,<pad>,<pad>,<pad>,<pad>,<pad>
465,3,29,8,15,18,12,<pad>,<pad>,<pad>,<pad>,<pad>,<pad>,<pad>,<pad>
466,3,17,9,29,1,12,<pad>,<pad>,<pad>,<pad>,<pad>,<pad>,<pad>,<pad>
467,1,28,8,15,<pad>,<pad>,<pad>,<pad>,<pad>,<pad>,<pad>,<pad>,<pad>,<pad>
468,2,29,8,15,16,<pad>,<pad>,<pad>,<pad>,<pad>,<pad>,<pad>,<pad>,<pad>
469,2,8,19,15,16,<pad>,<pad>,<pad>,<pad>,<pad>,<pad>,<pad>,<pad>,<pad>
470,2,15,16,9,28,<pad>,<pad>,<pad>,<pad>,<pad>,<pad>,<pad>,<pad>,<pad>
471,2,9,15,18,14,<pad>,<pad>,<pad>,<pad>,<pad>,<pad>,<pad>,<pad>,<pad>
472,1,9,15,22,<pad>,<pad>,<pad>,<pad>,<pad>,<pad>,<pad>,<pad>,<pad>,<pad>
473,1,28,9,22,<pad>,<pad>,<pad>,<pad>,<pad>,<pad>,<pad>,<pad>,<pad>,<pad>
474,4,17,9,29,1,12,14,<pad>,<pad>,<pad>,<pad>,<pad>,<pad>,<pad>
475,2,17,9,29,3,<pad>,<pad>,<pad>,<pad>,<pad>,<pad>,<pad>,<pad>,<pad>
476,1,19,8,15,<pad>,<pad>,<pad>,<pad>,<pad>,<pad>,<pad>,<pad>,<pad>,<pad>
477,1,9,12,14,<pad>,<pad>,<pad>,<pad>,<pad>,<pad>,<pad>,<pad>,<pad>,<pad>
478,1,8,19,18,<pad>,<pad>,<pad>,<pad>,<pad>,<pad>,<pad>,<pad>,<pad>,<pad>
479,2,17,9,29,16,<pad>,<pad>,<pad>,<pad>,<pad>,<pad>,<pad>,<pad>,<pad>
480,1,15,16,8,<pad>,<pad>,<pad>,<pad>,<pad>,<pad>,<pad>,<pad>,<pad>,<pad>
481,4,23,10,11,15,8,22,<pad>,<pad>,<pad>,<pad>,<pad>,<pad>,<pad>
482,1,9,12,1,<pad>,<pad>,<pad>,<pad>,<pad>,<pad>,<pad>,<pad>,<pad>,<pad>
483,1,9,15,18,<pad>,<pad>,<pad>,<pad>,<pad>,<pad>,<pad>,<pad>,<pad>,<pad>
484,5,8,29,16,19,23,11,4,<pad>,<pad>,<pad>,<pad>,<pad>,<pad>
485,3,8,11,17,1,3,<pad>,<pad>,<pad>,<pad>,<pad>,<pad>,<pad>,<pad>
486,1,18,28,29,<pad>,<pad>,<pad>,<pad>,<pad>,<pad>,<pad>,<pad>,<pad>,<pad>
487,1,1,29,9,<pad>,<pad>,<pad>,<pad>,<pad>,<pad>,<pad>,<pad>,<pad>,<pad>
488,1,29,1,3,<pad>,<pad>,<pad>,<pad>,<pad>,<pad>,<pad>,<pad>,<pad>,<pad>
489,8,8,9,29,16,1,17,4,2,3,19,<pad>,<pad>,<pad>
490,3,19,17,9,8,29,<pad>,<pad>,<pad>,<pad>,<pad>,<pad>,<pad>,<pad>
491,5,9,17,29,3,15,8,19,<pad>,<pad>,<pad>,<pad>,<pad>,<pad>
492,1,9,19,14,<pad>,<pad>,<pad>,<pad>,<pad>,<pad>,<pad>,<pad>,<pad>,<pad>
493,5,19,23,13,3,15,14,18,<pad>,<pad>,<pad>,<pad>,<pad>,<pad>
494,2,3,12,29,17,<pad>,<pad>,<pad>,<pad>,<pad>,<pad>,<pad>,<pad>,<pad>
495,1,12,3,13,<pad>,<pad>,<pad>,<pad>,<pad>,<pad>,<pad>,<pad>,<pad>,<pad>
496,4,24,8,15,23,4,3,<pad>,<pad>,<pad>,<pad>,<pad>,<pad>,<pad>
497,2,3,15,16,9,<pad>,<pad>,<pad>,<pad>,<pad>,<pad>,<pad>,<pad>,<pad>
498,2,9,29,1,12,<pad>,<pad>,<pad>,<pad>,<pad>,<pad>,<pad>,<pad>,<pad>
499,2,8,9,16,11,<pad>,<pad>,<pad>,<pad>,<pad>,<pad>,<pad>,<pad>,<pad>
500,6,2,24,9,29,16,15,8,19,<pad>,<pad>,<pad>,<pad>,<pad>
501,3,19,8,15,18,29,<pad>,<pad>,<pad>,<pad>,<pad>,<pad>,<pad>,<pad>
502,2,1,9,4,2,<pad>,<pad>,<pad>,<pad>,<pad>,<pad>,<pad>,<pad>,<pad>
503,1,15,9,29,<pad>,<pad>,<pad>,<pad>,<pad>,<pad>,<pad>,<pad>,<pad>,<pad>
504,1,12,3,19,<pad>,<pad>,<pad>,<pad>,<pad>,<pad>,<pad>,<pad>,<pad>,<pad>
505,1,29,15,8,<pad>,<pad>,<pad>,<pad>,<pad>,<pad>,<pad>,<pad>,<pad>,<pad>
506,1,2,29,9,<pad>,<pad>,<pad>,<pad>,<pad>,<pad>,<pad>,<pad>,<pad>,<pad>
507,3,9,29,19,8,18,<pad>,<pad>,<pad>,<pad>,<pad>,<pad>,<pad>,<pad>
508,1,17,24,7,<pad>,<pad>,<pad>,<pad>,<pad>,<pad>,<pad>,<pad>,<pad>,<pad>
509,2,8,15,18,17,<pad>,<pad>,<pad>,<pad>,<pad>,<pad>,<pad>,<pad>,<pad>
510,1,29,9,19,<pad>,<pad>,<pad>,<pad>,<pad>,<pad>,<pad>,<pad>,<pad>,<pad>
511,4,3,4,7,23,10,11,<pad>,<pad>,<pad>,<pad>,<pad>,<pad>,<pad>
512,3,9,4,2,8,18,<pad>,<pad>,<pad>,<pad>,<pad>,<pad>,<pad>,<pad>
513,1,8,16,15,<pad>,<pad>,<pad>,<pad>,<pad>,<pad>,<pad>,<pad>,<pad>,<pad>
514,3,8,15,29,1,9,<pad>,<pad>,<pad>,<pad>,<pad>,<pad>,<pad>,<pad>
515,4,16,4,2,17,9,1,<pad>,<pad>,<pad>,<pad>,<pad>,<pad>,<pad>
516,1,10,11,23,<pad>,<pad>,<pad>,<pad>,<pad>,<pad>,<pad>,<pad>,<pad>,<pad>
517,5,19,9,29,1,4,2,23,<pad>,<pad>,<pad>,<pad>,<pad>,<pad>
518,3,1,29,2,4,23,<pad>,<pad>,<pad>,<pad>,<pad>,<pad>,<pad>,<pad>
519,2,1,11,15,18,<pad>,<pad>,<pad>,<pad>,<pad>,<pad>,<pad>,<pad>,<pad>
520,1,9,3,29,<pad>,<pad>,<pad>,<pad>,<pad>,<pad>,<pad>,<pad>,<pad>,<pad>
521,3,23,11,19,4,2,<pad>,<pad>,<pad>,<pad>,<pad>,<pad>,<pad>,<pad>
522,1,1,24,7,<pad>,<pad>,<pad>,<pad>,<pad>,<pad>,<pad>,<pad>,<pad>,<pad>
523,5,12,1,29,9,8,15,18,<pad>,<pad>,<pad>,<pad>,<pad>,<pad>
524,1,1,17,9,<pad>,<pad>,<pad>,<pad>,<pad>,<pad>,<pad>,<pad>,<pad>,<pad>
525,8,29,9,19,23,11,10,7,2,16,15,<pad>,<pad>,<pad>
526,1,19,29,1,<pad>,<pad>,<pad>,<pad>,<pad>,<pad>,<pad>,<pad>,<pad>,<pad>
527,2,9,29,3,15,<pad>,<pad>,<pad>,<pad>,<pad>,<pad>,<pad>,<pad>,<pad>
528,1,10,23,11,<pad>,<pad>,<pad>,<pad>,<pad>,<pad>,<pad>,<pad>,<pad>,<pad>
529,1,23,10,11,<pad>,<pad>,<pad>,<pad>,<pad>,<pad>,<pad>,<pad>,<pad>,<pad>
530,1,8,19,1,<pad>,<pad>,<pad>,<pad>,<pad>,<pad>,<pad>,<pad>,<pad>,<pad>
531,1,1,9,12,<pad>,<pad>,<pad>,<pad>,<pad>,<pad>,<pad>,<pad>,<pad>,<pad>
532,4,23,3,29,1,9,4,<pad>,<pad>,<pad>,<pad>,<pad>,<pad>,<pad>
533,2,1,16,8,29,<pad>,<pad>,<pad>,<pad>,<pad>,<pad>,<pad>,<pad>,<pad>
534,1,29,8,16,<pad>,<pad>,<pad>,<pad>,<pad>,<pad>,<pad>,<pad>,<pad>,<pad>
535,3,8,16,19,15,29,<pad>,<pad>,<pad>,<pad>,<pad>,<pad>,<pad>,<pad>
536,5,10,11,23,19,9,17,3,<pad>,<pad>,<pad>,<pad>,<pad>,<pad>
537,6,18,15,8,1,29,4,2,19,<pad>,<pad>,<pad>,<pad>,<pad>
538,2,7,23,11,15,<pad>,<pad>,<pad>,<pad>,<pad>,<pad>,<pad>,<pad>,<pad>
539,3,9,17,29,8,10,<pad>,<pad>,<pad>,<pad>,<pad>,<pad>,<pad>,<pad>
540,11,28,9,1,16,8,15,29,19,10,2,4,11,23
541,7,10,11,4,2,29,1,16,8,18,<pad>,<pad>,<pad>,<pad>
542,1,10,19,9,<pad>,<pad>,<pad>,<pad>,<pad>,<pad>,<pad>,<pad>,<pad>,<pad>
543,2,29,1,18,9,<pad>,<pad>,<pad>,<pad>,<pad>,<pad>,<pad>,<pad>,<pad>
544,1,17,9,10,<pad>,<pad>,<pad>,<pad>,<pad>,<pad>,<pad>,<pad>,<pad>,<pad>
545,4,18,29,9,4,10,3,<pad>,<pad>,<pad>,<pad>,<pad>,<pad>,<pad>
546,6,29,9,17,3,28,15,22,18,<pad>,<pad>,<pad>,<pad>,<pad>
547,1,10,23,13,<pad>,<pad>,<pad>,<pad>,<pad>,<pad>,<pad>,<pad>,<pad>,<pad>
548,1,29,28,3,<pad>,<pad>,<pad>,<pad>,<pad>,<pad>,<pad>,<pad>,<pad>,<pad>
549,3,7,9,15,8,19,<pad>,<pad>,<pad>,<pad>,<pad>,<pad>,<pad>,<pad>
550,7,1,29,9,4,23,19,2,17,18,<pad>,<pad>,<pad>,<pad>
551,5,17,28,29,1,16,3,4,<pad>,<pad>,<pad>,<pad>,<pad>,<pad>
552,2,9,29,1,15,<pad>,<pad>,<pad>,<pad>,<pad>,<pad>,<pad>,<pad>,<pad>
553,3,28,22,19,29,9,<pad>,<pad>,<pad>,<pad>,<pad>,<pad>,<pad>,<pad>
554,3,15,19,9,29,1,<pad>,<pad>,<pad>,<pad>,<pad>,<pad>,<pad>,<pad>
555,1,19,23,11,<pad>,<pad>,<pad>,<pad>,<pad>,<pad>,<pad>,<pad>,<pad>,<pad>
556,6,29,1,9,17,19,16,3,13,<pad>,<pad>,<pad>,<pad>,<pad>
557,5,12,9,28,13,3,19,17,<pad>,<pad>,<pad>,<pad>,<pad>,<pad>
558,1,28,23,10,<pad>,<pad>,<pad>,<pad>,<pad>,<pad>,<pad>,<pad>,<pad>,<pad>
559,4,29,1,9,8,4,19,<pad>,<pad>,<pad>,<pad>,<pad>,<pad>,<pad>
560,2,1,29,2,15,<pad>,<pad>,<pad>,<pad>,<pad>,<pad>,<pad>,<pad>,<pad>
561,3,18,17,24,4,19,<pad>,<pad>,<pad>,<pad>,<pad>,<pad>,<pad>,<pad>
562,1,15,8,9,<pad>,<pad>,<pad>,<pad>,<pad>,<pad>,<pad>,<pad>,<pad>,<pad>
563,2,24,4,11,23,<pad>,<pad>,<pad>,<pad>,<pad>,<pad>,<pad>,<pad>,<pad>
564,4,1,29,3,9,23,11,<pad>,<pad>,<pad>,<pad>,<pad>,<pad>,<pad>
565,2,15,1,29,9,<pad>,<pad>,<pad>,<pad>,<pad>,<pad>,<pad>,<pad>,<pad>
566,1,13,9,29,<pad>,<pad>,<pad>,<pad>,<pad>,<pad>,<pad>,<pad>,<pad>,<pad>
567,1,29,3,9,<pad>,<pad>,<pad>,<pad>,<pad>,<pad>,<pad>,<pad>,<pad>,<pad>
568,1,9,1,14,<pad>,<pad>,<pad>,<pad>,<pad>,<pad>,<pad>,<pad>,<pad>,<pad>
569,1,15,9,12,<pad>,<pad>,<pad>,<pad>,<pad>,<pad>,<pad>,<pad>,<pad>,<pad>
570,1,9,23,15,<pad>,<pad>,<pad>,<pad>,<pad>,<pad>,<pad>,<pad>,<pad>,<pad>
571,1,9,19,15,<pad>,<pad>,<pad>,<pad>,<pad>,<pad>,<pad>,<pad>,<pad>,<pad>
572,2,18,17,15,3,<pad>,<pad>,<pad>,<pad>,<pad>,<pad>,<pad>,<pad>,<pad>
573,1,3,19,18,<pad>,<pad>,<pad>,<pad>,<pad>,<pad>,<pad>,<pad>,<pad>,<pad>
574,2,4,24,9,18,<pad>,<pad>,<pad>,<pad>,<pad>,<pad>,<pad>,<pad>,<pad>
575,3,24,4,11,23,15,<pad>,<pad>,<pad>,<pad>,<pad>,<pad>,<pad>,<pad>
576,1,15,29,9,<pad>,<pad>,<pad>,<pad>,<pad>,<pad>,<pad>,<pad>,<pad>,<pad>
577,2,3,9,1,11,<pad>,<pad>,<pad>,<pad>,<pad>,<pad>,<pad>,<pad>,<pad>
578,2,11,3,9,10,<pad>,<pad>,<pad>,<pad>,<pad>,<pad>,<pad>,<pad>,<pad>
579,1,9,17,3,<pad>,<pad>,<pad>,<pad>,<pad>,<pad>,<pad>,<pad>,<pad>,<pad>
580,2,29,9,17,3,<pad>,<pad>,<pad>,<pad>,<pad>,<pad>,<pad>,<pad>,<pad>
581,4,9,7,4,11,23,10,<pad>,<pad>,<pad>,<pad>,<pad>,<pad>,<pad>
582,5,19,23,11,10,29,16,15,<pad>,<pad>,<pad>,<pad>,<pad>,<pad>
583,1,29,1,19,<pad>,<pad>,<pad>,<pad>,<pad>,<pad>,<pad>,<pad>,<pad>,<pad>
584,5,4,24,2,19,18,15,8,<pad>,<pad>,<pad>,<pad>,<pad>,<pad>
585,6,18,3,4,24,19,8,29,16,<pad>,<pad>,<pad>,<pad>,<pad>
586,1,29,9,1,<pad>,<pad>,<pad>,<pad>,<pad>,<pad>,<pad>,<pad>,<pad>,<pad>
587,2,12,29,17,9,<pad>,<pad>,<pad>,<pad>,<pad>,<pad>,<pad>,<pad>,<pad>
588,1,3,17,15,<pad>,<pad>,<pad>,<pad>,<pad>,<pad>,<pad>,<pad>,<pad>,<pad>
589,1,6,18,29,<pad>,<pad>,<pad>,<pad>,<pad>,<pad>,<pad>,<pad>,<pad>,<pad>
590,4,15,22,16,29,9,1,<pad>,<pad>,<pad>,<pad>,<pad>,<pad>,<pad>
591,1,24,1,8,<pad>,<pad>,<pad>,<pad>,<pad>,<pad>,<pad>,<pad>,<pad>,<pad>
592,1,19,9,28,<pad>,<pad>,<pad>,<pad>,<pad>,<pad>,<pad>,<pad>,<pad>,<pad>
593,1,8,11,12,<pad>,<pad>,<pad>,<pad>,<pad>,<pad>,<pad>,<pad>,<pad>,<pad>
594,3,8,15,16,29,9,<pad>,<pad>,<pad>,<pad>,<pad>,<pad>,<pad>,<pad>
595,1,29,1,9,<pad>,<pad>,<pad>,<pad>,<pad>,<pad>,<pad>,<pad>,<pad>,<pad>
596,6,4,2,24,23,19,10,11,8,<pad>,<pad>,<pad>,<pad>,<pad>
597,1,15,8,19,<pad>,<pad>,<pad>,<pad>,<pad>,<pad>,<pad>,<pad>,<pad>,<pad>
598,3,19,8,9,18,15,<pad>,<pad>,<pad>,<pad>,<pad>,<pad>,<pad>,<pad>
599,1,24,7,2,<pad>,<pad>,<pad>,<pad>,<pad>,<pad>,<pad>,<pad>,<pad>,<pad>
600,2,3,9,29,10,<pad>,<pad>,<pad>,<pad>,<pad>,<pad>,<pad>,<pad>,<pad>
601,1,1,9,15,<pad>,<pad>,<pad>,<pad>,<pad>,<pad>,<pad>,<pad>,<pad>,<pad>
602,1,9,29,19,<pad>,<pad>,<pad>,<pad>,<pad>,<pad>,<pad>,<pad>,<pad>,<pad>
603,1,1,29,19,<pad>,<pad>,<pad>,<pad>,<pad>,<pad>,<pad>,<pad>,<pad>,<pad>
604,1,29,17,9,<pad>,<pad>,<pad>,<pad>,<pad>,<pad>,<pad>,<pad>,<pad>,<pad>
605,4,18,29,8,12,1,9,<pad>,<pad>,<pad>,<pad>,<pad>,<pad>,<pad>
606,1,15,9,29,<pad>,<pad>,<pad>,<pad>,<pad>,<pad>,<pad>,<pad>,<pad>,<pad>
607,3,1,15,8,29,19,<pad>,<pad>,<pad>,<pad>,<pad>,<pad>,<pad>,<pad>
608,8,8,1,12,29,3,28,17,4,2,19,<pad>,<pad>,<pad>
609,2,19,8,1,15,<pad>,<pad>,<pad>,<pad>,<pad>,<pad>,<pad>,<pad>,<pad>
610,10,15,19,22,8,27,1,29,3,2,10,9,17,<pad>
611,1,15,8,29,<pad>,<pad>,<pad>,<pad>,<pad>,<pad>,<pad>,<pad>,<pad>,<pad>
612,1,18,15,8,<pad>,<pad>,<pad>,<pad>,<pad>,<pad>,<pad>,<pad>,<pad>,<pad>
613,3,12,1,29,9,4,<pad>,<pad>,<pad>,<pad>,<pad>,<pad>,<pad>,<pad>
614,1,18,27,22,<pad>,<pad>,<pad>,<pad>,<pad>,<pad>,<pad>,<pad>,<pad>,<pad>
615,1,19,8,16,<pad>,<pad>,<pad>,<pad>,<pad>,<pad>,<pad>,<pad>,<pad>,<pad>
616,1,11,9,17,<pad>,<pad>,<pad>,<pad>,<pad>,<pad>,<pad>,<pad>,<pad>,<pad>
617,3,8,11,1,29,3,<pad>,<pad>,<pad>,<pad>,<pad>,<pad>,<pad>,<pad>
618,1,15,19,29,<pad>,<pad>,<pad>,<pad>,<pad>,<pad>,<pad>,<pad>,<pad>,<pad>
619,5,10,11,4,9,29,1,17,<pad>,<pad>,<pad>,<pad>,<pad>,<pad>
620,1,23,19,1,<pad>,<pad>,<pad>,<pad>,<pad>,<pad>,<pad>,<pad>,<pad>,<pad>
621,2,1,29,9,3,<pad>,<pad>,<pad>,<pad>,<pad>,<pad>,<pad>,<pad>,<pad>
622,2,29,3,9,17,<pad>,<pad>,<pad>,<pad>,<pad>,<pad>,<pad>,<pad>,<pad>
623,2,4,11,24,10,<pad>,<pad>,<pad>,<pad>,<pad>,<pad>,<pad>,<pad>,<pad>
624,2,17,3,13,28,<pad>,<pad>,<pad>,<pad>,<pad>,<pad>,<pad>,<pad>,<pad>
625,5,8,9,29,1,23,2,4,<pad>,<pad>,<pad>,<pad>,<pad>,<pad>
626,1,1,19,8,<pad>,<pad>,<pad>,<pad>,<pad>,<pad>,<pad>,<pad>,<pad>,<pad>
627,4,19,8,16,15,1,9,<pad>,<pad>,<pad>,<pad>,<pad>,<pad>,<pad>
628,1,9,24,20,<pad>,<pad>,<pad>,<pad>,<pad>,<pad>,<pad>,<pad>,<pad>,<pad>
629,1,9,11,10,<pad>,<pad>,<pad>,<pad>,<pad>,<pad>,<pad>,<pad>,<pad>,<pad>
630,1,29,8,16,<pad>,<pad>,<pad>,<pad>,<pad>,<pad>,<pad>,<pad>,<pad>,<pad>
631,1,4,2,24,<pad>,<pad>,<pad>,<pad>,<pad>,<pad>,<pad>,<pad>,<pad>,<pad>
632,1,15,8,4,<pad>,<pad>,<pad>,<pad>,<pad>,<pad>,<pad>,<pad>,<pad>,<pad>
633,1,8,15,1,<pad>,<pad>,<pad>,<pad>,<pad>,<pad>,<pad>,<pad>,<pad>,<pad>
