,0,1,2,3,4,5,6,7,8,9,10,11,12,13,14,15,16,17,18,19,20
0,4,81,75,56,57,78,55,<pad>,<pad>,<pad>,<pad>,<pad>,<pad>,<pad>,<pad>,<pad>,<pad>,<pad>,<pad>,<pad>,<pad>
1,1,40,17,14,<pad>,<pad>,<pad>,<pad>,<pad>,<pad>,<pad>,<pad>,<pad>,<pad>,<pad>,<pad>,<pad>,<pad>,<pad>,<pad>,<pad>
2,2,40,2,9,32,<pad>,<pad>,<pad>,<pad>,<pad>,<pad>,<pad>,<pad>,<pad>,<pad>,<pad>,<pad>,<pad>,<pad>,<pad>,<pad>
3,1,16,41,22,<pad>,<pad>,<pad>,<pad>,<pad>,<pad>,<pad>,<pad>,<pad>,<pad>,<pad>,<pad>,<pad>,<pad>,<pad>,<pad>,<pad>
4,1,23,40,3,<pad>,<pad>,<pad>,<pad>,<pad>,<pad>,<pad>,<pad>,<pad>,<pad>,<pad>,<pad>,<pad>,<pad>,<pad>,<pad>,<pad>
5,4,41,36,55,71,81,50,<pad>,<pad>,<pad>,<pad>,<pad>,<pad>,<pad>,<pad>,<pad>,<pad>,<pad>,<pad>,<pad>,<pad>
6,6,82,50,15,70,69,48,40,84,<pad>,<pad>,<pad>,<pad>,<pad>,<pad>,<pad>,<pad>,<pad>,<pad>,<pad>,<pad>
7,2,41,22,21,84,<pad>,<pad>,<pad>,<pad>,<pad>,<pad>,<pad>,<pad>,<pad>,<pad>,<pad>,<pad>,<pad>,<pad>,<pad>,<pad>
8,2,71,67,81,27,<pad>,<pad>,<pad>,<pad>,<pad>,<pad>,<pad>,<pad>,<pad>,<pad>,<pad>,<pad>,<pad>,<pad>,<pad>,<pad>
9,1,9,44,81,<pad>,<pad>,<pad>,<pad>,<pad>,<pad>,<pad>,<pad>,<pad>,<pad>,<pad>,<pad>,<pad>,<pad>,<pad>,<pad>,<pad>
10,3,78,6,23,45,71,<pad>,<pad>,<pad>,<pad>,<pad>,<pad>,<pad>,<pad>,<pad>,<pad>,<pad>,<pad>,<pad>,<pad>,<pad>
11,2,50,9,11,40,<pad>,<pad>,<pad>,<pad>,<pad>,<pad>,<pad>,<pad>,<pad>,<pad>,<pad>,<pad>,<pad>,<pad>,<pad>,<pad>
12,1,2,32,15,<pad>,<pad>,<pad>,<pad>,<pad>,<pad>,<pad>,<pad>,<pad>,<pad>,<pad>,<pad>,<pad>,<pad>,<pad>,<pad>,<pad>
13,3,2,4,50,82,71,<pad>,<pad>,<pad>,<pad>,<pad>,<pad>,<pad>,<pad>,<pad>,<pad>,<pad>,<pad>,<pad>,<pad>,<pad>
14,1,71,81,0,<pad>,<pad>,<pad>,<pad>,<pad>,<pad>,<pad>,<pad>,<pad>,<pad>,<pad>,<pad>,<pad>,<pad>,<pad>,<pad>,<pad>
15,1,21,19,44,<pad>,<pad>,<pad>,<pad>,<pad>,<pad>,<pad>,<pad>,<pad>,<pad>,<pad>,<pad>,<pad>,<pad>,<pad>,<pad>,<pad>
16,1,15,13,40,<pad>,<pad>,<pad>,<pad>,<pad>,<pad>,<pad>,<pad>,<pad>,<pad>,<pad>,<pad>,<pad>,<pad>,<pad>,<pad>,<pad>
17,3,17,13,18,23,9,<pad>,<pad>,<pad>,<pad>,<pad>,<pad>,<pad>,<pad>,<pad>,<pad>,<pad>,<pad>,<pad>,<pad>,<pad>
18,1,71,25,32,<pad>,<pad>,<pad>,<pad>,<pad>,<pad>,<pad>,<pad>,<pad>,<pad>,<pad>,<pad>,<pad>,<pad>,<pad>,<pad>,<pad>
19,1,71,82,85,<pad>,<pad>,<pad>,<pad>,<pad>,<pad>,<pad>,<pad>,<pad>,<pad>,<pad>,<pad>,<pad>,<pad>,<pad>,<pad>,<pad>
20,1,74,34,76,<pad>,<pad>,<pad>,<pad>,<pad>,<pad>,<pad>,<pad>,<pad>,<pad>,<pad>,<pad>,<pad>,<pad>,<pad>,<pad>,<pad>
21,5,46,25,45,71,32,23,8,<pad>,<pad>,<pad>,<pad>,<pad>,<pad>,<pad>,<pad>,<pad>,<pad>,<pad>,<pad>,<pad>
22,1,2,82,75,<pad>,<pad>,<pad>,<pad>,<pad>,<pad>,<pad>,<pad>,<pad>,<pad>,<pad>,<pad>,<pad>,<pad>,<pad>,<pad>,<pad>
23,5,50,71,75,84,41,22,9,<pad>,<pad>,<pad>,<pad>,<pad>,<pad>,<pad>,<pad>,<pad>,<pad>,<pad>,<pad>,<pad>
24,2,15,50,9,32,<pad>,<pad>,<pad>,<pad>,<pad>,<pad>,<pad>,<pad>,<pad>,<pad>,<pad>,<pad>,<pad>,<pad>,<pad>,<pad>
25,1,9,22,19,<pad>,<pad>,<pad>,<pad>,<pad>,<pad>,<pad>,<pad>,<pad>,<pad>,<pad>,<pad>,<pad>,<pad>,<pad>,<pad>,<pad>
26,1,32,18,8,<pad>,<pad>,<pad>,<pad>,<pad>,<pad>,<pad>,<pad>,<pad>,<pad>,<pad>,<pad>,<pad>,<pad>,<pad>,<pad>,<pad>
27,1,44,31,43,<pad>,<pad>,<pad>,<pad>,<pad>,<pad>,<pad>,<pad>,<pad>,<pad>,<pad>,<pad>,<pad>,<pad>,<pad>,<pad>,<pad>
28,1,2,40,0,<pad>,<pad>,<pad>,<pad>,<pad>,<pad>,<pad>,<pad>,<pad>,<pad>,<pad>,<pad>,<pad>,<pad>,<pad>,<pad>,<pad>
29,1,71,70,9,<pad>,<pad>,<pad>,<pad>,<pad>,<pad>,<pad>,<pad>,<pad>,<pad>,<pad>,<pad>,<pad>,<pad>,<pad>,<pad>,<pad>
30,4,41,9,35,82,81,71,<pad>,<pad>,<pad>,<pad>,<pad>,<pad>,<pad>,<pad>,<pad>,<pad>,<pad>,<pad>,<pad>,<pad>
31,1,50,70,35,<pad>,<pad>,<pad>,<pad>,<pad>,<pad>,<pad>,<pad>,<pad>,<pad>,<pad>,<pad>,<pad>,<pad>,<pad>,<pad>,<pad>
32,7,44,50,82,71,15,32,84,41,9,<pad>,<pad>,<pad>,<pad>,<pad>,<pad>,<pad>,<pad>,<pad>,<pad>,<pad>
33,2,27,15,82,71,<pad>,<pad>,<pad>,<pad>,<pad>,<pad>,<pad>,<pad>,<pad>,<pad>,<pad>,<pad>,<pad>,<pad>,<pad>,<pad>
34,8,12,20,82,75,49,34,74,31,81,44,<pad>,<pad>,<pad>,<pad>,<pad>,<pad>,<pad>,<pad>,<pad>,<pad>
35,6,73,38,69,48,51,40,39,2,<pad>,<pad>,<pad>,<pad>,<pad>,<pad>,<pad>,<pad>,<pad>,<pad>,<pad>,<pad>
36,11,85,1,42,21,19,71,31,69,3,61,34,15,25,<pad>,<pad>,<pad>,<pad>,<pad>,<pad>,<pad>
37,1,82,71,26,<pad>,<pad>,<pad>,<pad>,<pad>,<pad>,<pad>,<pad>,<pad>,<pad>,<pad>,<pad>,<pad>,<pad>,<pad>,<pad>,<pad>
38,1,71,22,84,<pad>,<pad>,<pad>,<pad>,<pad>,<pad>,<pad>,<pad>,<pad>,<pad>,<pad>,<pad>,<pad>,<pad>,<pad>,<pad>,<pad>
39,5,15,82,0,31,81,44,13,<pad>,<pad>,<pad>,<pad>,<pad>,<pad>,<pad>,<pad>,<pad>,<pad>,<pad>,<pad>,<pad>
40,7,4,36,41,84,70,17,15,82,81,<pad>,<pad>,<pad>,<pad>,<pad>,<pad>,<pad>,<pad>,<pad>,<pad>,<pad>
41,1,15,50,71,<pad>,<pad>,<pad>,<pad>,<pad>,<pad>,<pad>,<pad>,<pad>,<pad>,<pad>,<pad>,<pad>,<pad>,<pad>,<pad>,<pad>
42,2,81,74,76,45,<pad>,<pad>,<pad>,<pad>,<pad>,<pad>,<pad>,<pad>,<pad>,<pad>,<pad>,<pad>,<pad>,<pad>,<pad>,<pad>
43,1,45,25,85,<pad>,<pad>,<pad>,<pad>,<pad>,<pad>,<pad>,<pad>,<pad>,<pad>,<pad>,<pad>,<pad>,<pad>,<pad>,<pad>,<pad>
44,1,35,32,78,<pad>,<pad>,<pad>,<pad>,<pad>,<pad>,<pad>,<pad>,<pad>,<pad>,<pad>,<pad>,<pad>,<pad>,<pad>,<pad>,<pad>
45,1,71,48,41,<pad>,<pad>,<pad>,<pad>,<pad>,<pad>,<pad>,<pad>,<pad>,<pad>,<pad>,<pad>,<pad>,<pad>,<pad>,<pad>,<pad>
46,1,72,6,57,<pad>,<pad>,<pad>,<pad>,<pad>,<pad>,<pad>,<pad>,<pad>,<pad>,<pad>,<pad>,<pad>,<pad>,<pad>,<pad>,<pad>
47,1,4,41,32,<pad>,<pad>,<pad>,<pad>,<pad>,<pad>,<pad>,<pad>,<pad>,<pad>,<pad>,<pad>,<pad>,<pad>,<pad>,<pad>,<pad>
48,1,82,50,71,<pad>,<pad>,<pad>,<pad>,<pad>,<pad>,<pad>,<pad>,<pad>,<pad>,<pad>,<pad>,<pad>,<pad>,<pad>,<pad>,<pad>
49,1,71,67,31,<pad>,<pad>,<pad>,<pad>,<pad>,<pad>,<pad>,<pad>,<pad>,<pad>,<pad>,<pad>,<pad>,<pad>,<pad>,<pad>,<pad>
50,1,35,68,63,<pad>,<pad>,<pad>,<pad>,<pad>,<pad>,<pad>,<pad>,<pad>,<pad>,<pad>,<pad>,<pad>,<pad>,<pad>,<pad>,<pad>
51,3,69,48,25,42,27,<pad>,<pad>,<pad>,<pad>,<pad>,<pad>,<pad>,<pad>,<pad>,<pad>,<pad>,<pad>,<pad>,<pad>,<pad>
52,2,76,81,71,68,<pad>,<pad>,<pad>,<pad>,<pad>,<pad>,<pad>,<pad>,<pad>,<pad>,<pad>,<pad>,<pad>,<pad>,<pad>,<pad>
53,1,39,35,78,<pad>,<pad>,<pad>,<pad>,<pad>,<pad>,<pad>,<pad>,<pad>,<pad>,<pad>,<pad>,<pad>,<pad>,<pad>,<pad>,<pad>
54,6,68,71,82,45,14,25,27,85,<pad>,<pad>,<pad>,<pad>,<pad>,<pad>,<pad>,<pad>,<pad>,<pad>,<pad>,<pad>
55,1,71,67,81,<pad>,<pad>,<pad>,<pad>,<pad>,<pad>,<pad>,<pad>,<pad>,<pad>,<pad>,<pad>,<pad>,<pad>,<pad>,<pad>,<pad>
56,2,84,4,70,50,<pad>,<pad>,<pad>,<pad>,<pad>,<pad>,<pad>,<pad>,<pad>,<pad>,<pad>,<pad>,<pad>,<pad>,<pad>,<pad>
57,4,45,56,23,70,8,15,<pad>,<pad>,<pad>,<pad>,<pad>,<pad>,<pad>,<pad>,<pad>,<pad>,<pad>,<pad>,<pad>,<pad>
58,6,71,50,15,17,13,35,31,81,<pad>,<pad>,<pad>,<pad>,<pad>,<pad>,<pad>,<pad>,<pad>,<pad>,<pad>,<pad>
59,4,32,21,48,40,2,51,<pad>,<pad>,<pad>,<pad>,<pad>,<pad>,<pad>,<pad>,<pad>,<pad>,<pad>,<pad>,<pad>,<pad>
60,2,49,17,18,23,<pad>,<pad>,<pad>,<pad>,<pad>,<pad>,<pad>,<pad>,<pad>,<pad>,<pad>,<pad>,<pad>,<pad>,<pad>,<pad>
61,3,44,45,71,82,0,<pad>,<pad>,<pad>,<pad>,<pad>,<pad>,<pad>,<pad>,<pad>,<pad>,<pad>,<pad>,<pad>,<pad>,<pad>
62,1,71,51,41,<pad>,<pad>,<pad>,<pad>,<pad>,<pad>,<pad>,<pad>,<pad>,<pad>,<pad>,<pad>,<pad>,<pad>,<pad>,<pad>,<pad>
63,5,27,25,45,81,50,35,9,<pad>,<pad>,<pad>,<pad>,<pad>,<pad>,<pad>,<pad>,<pad>,<pad>,<pad>,<pad>,<pad>
64,2,26,81,44,45,<pad>,<pad>,<pad>,<pad>,<pad>,<pad>,<pad>,<pad>,<pad>,<pad>,<pad>,<pad>,<pad>,<pad>,<pad>,<pad>
65,6,9,35,70,50,71,81,82,39,<pad>,<pad>,<pad>,<pad>,<pad>,<pad>,<pad>,<pad>,<pad>,<pad>,<pad>,<pad>
66,2,71,44,75,81,<pad>,<pad>,<pad>,<pad>,<pad>,<pad>,<pad>,<pad>,<pad>,<pad>,<pad>,<pad>,<pad>,<pad>,<pad>,<pad>
67,1,35,9,71,<pad>,<pad>,<pad>,<pad>,<pad>,<pad>,<pad>,<pad>,<pad>,<pad>,<pad>,<pad>,<pad>,<pad>,<pad>,<pad>,<pad>
68,1,45,44,0,<pad>,<pad>,<pad>,<pad>,<pad>,<pad>,<pad>,<pad>,<pad>,<pad>,<pad>,<pad>,<pad>,<pad>,<pad>,<pad>,<pad>
69,2,22,9,23,41,<pad>,<pad>,<pad>,<pad>,<pad>,<pad>,<pad>,<pad>,<pad>,<pad>,<pad>,<pad>,<pad>,<pad>,<pad>,<pad>
70,1,17,15,13,<pad>,<pad>,<pad>,<pad>,<pad>,<pad>,<pad>,<pad>,<pad>,<pad>,<pad>,<pad>,<pad>,<pad>,<pad>,<pad>,<pad>
71,4,71,82,50,81,44,45,<pad>,<pad>,<pad>,<pad>,<pad>,<pad>,<pad>,<pad>,<pad>,<pad>,<pad>,<pad>,<pad>,<pad>
72,5,81,82,45,44,0,25,15,<pad>,<pad>,<pad>,<pad>,<pad>,<pad>,<pad>,<pad>,<pad>,<pad>,<pad>,<pad>,<pad>
73,7,82,71,8,18,23,9,13,17,15,<pad>,<pad>,<pad>,<pad>,<pad>,<pad>,<pad>,<pad>,<pad>,<pad>,<pad>
74,2,9,15,50,35,<pad>,<pad>,<pad>,<pad>,<pad>,<pad>,<pad>,<pad>,<pad>,<pad>,<pad>,<pad>,<pad>,<pad>,<pad>,<pad>
75,1,40,37,36,<pad>,<pad>,<pad>,<pad>,<pad>,<pad>,<pad>,<pad>,<pad>,<pad>,<pad>,<pad>,<pad>,<pad>,<pad>,<pad>,<pad>
76,3,4,84,50,14,35,<pad>,<pad>,<pad>,<pad>,<pad>,<pad>,<pad>,<pad>,<pad>,<pad>,<pad>,<pad>,<pad>,<pad>,<pad>
77,2,23,9,8,13,<pad>,<pad>,<pad>,<pad>,<pad>,<pad>,<pad>,<pad>,<pad>,<pad>,<pad>,<pad>,<pad>,<pad>,<pad>,<pad>
78,1,35,31,81,<pad>,<pad>,<pad>,<pad>,<pad>,<pad>,<pad>,<pad>,<pad>,<pad>,<pad>,<pad>,<pad>,<pad>,<pad>,<pad>,<pad>
79,1,71,76,75,<pad>,<pad>,<pad>,<pad>,<pad>,<pad>,<pad>,<pad>,<pad>,<pad>,<pad>,<pad>,<pad>,<pad>,<pad>,<pad>,<pad>
80,1,31,0,40,<pad>,<pad>,<pad>,<pad>,<pad>,<pad>,<pad>,<pad>,<pad>,<pad>,<pad>,<pad>,<pad>,<pad>,<pad>,<pad>,<pad>
81,2,23,17,50,35,<pad>,<pad>,<pad>,<pad>,<pad>,<pad>,<pad>,<pad>,<pad>,<pad>,<pad>,<pad>,<pad>,<pad>,<pad>,<pad>
82,4,35,45,71,68,50,0,<pad>,<pad>,<pad>,<pad>,<pad>,<pad>,<pad>,<pad>,<pad>,<pad>,<pad>,<pad>,<pad>,<pad>
83,9,19,2,40,35,8,17,14,42,38,84,4,<pad>,<pad>,<pad>,<pad>,<pad>,<pad>,<pad>,<pad>,<pad>
84,4,22,18,8,32,84,16,<pad>,<pad>,<pad>,<pad>,<pad>,<pad>,<pad>,<pad>,<pad>,<pad>,<pad>,<pad>,<pad>,<pad>
85,1,73,38,19,<pad>,<pad>,<pad>,<pad>,<pad>,<pad>,<pad>,<pad>,<pad>,<pad>,<pad>,<pad>,<pad>,<pad>,<pad>,<pad>,<pad>
86,3,67,74,76,49,22,<pad>,<pad>,<pad>,<pad>,<pad>,<pad>,<pad>,<pad>,<pad>,<pad>,<pad>,<pad>,<pad>,<pad>,<pad>
87,2,14,70,32,84,<pad>,<pad>,<pad>,<pad>,<pad>,<pad>,<pad>,<pad>,<pad>,<pad>,<pad>,<pad>,<pad>,<pad>,<pad>,<pad>
88,3,81,82,50,17,2,<pad>,<pad>,<pad>,<pad>,<pad>,<pad>,<pad>,<pad>,<pad>,<pad>,<pad>,<pad>,<pad>,<pad>,<pad>
89,1,41,22,9,<pad>,<pad>,<pad>,<pad>,<pad>,<pad>,<pad>,<pad>,<pad>,<pad>,<pad>,<pad>,<pad>,<pad>,<pad>,<pad>,<pad>
90,2,41,84,22,26,<pad>,<pad>,<pad>,<pad>,<pad>,<pad>,<pad>,<pad>,<pad>,<pad>,<pad>,<pad>,<pad>,<pad>,<pad>,<pad>
91,3,82,81,13,44,25,<pad>,<pad>,<pad>,<pad>,<pad>,<pad>,<pad>,<pad>,<pad>,<pad>,<pad>,<pad>,<pad>,<pad>,<pad>
92,3,24,23,21,48,82,<pad>,<pad>,<pad>,<pad>,<pad>,<pad>,<pad>,<pad>,<pad>,<pad>,<pad>,<pad>,<pad>,<pad>,<pad>
93,3,46,78,35,50,71,<pad>,<pad>,<pad>,<pad>,<pad>,<pad>,<pad>,<pad>,<pad>,<pad>,<pad>,<pad>,<pad>,<pad>,<pad>
94,4,85,59,82,8,66,25,<pad>,<pad>,<pad>,<pad>,<pad>,<pad>,<pad>,<pad>,<pad>,<pad>,<pad>,<pad>,<pad>,<pad>
95,2,35,70,18,14,<pad>,<pad>,<pad>,<pad>,<pad>,<pad>,<pad>,<pad>,<pad>,<pad>,<pad>,<pad>,<pad>,<pad>,<pad>,<pad>
96,1,9,35,32,<pad>,<pad>,<pad>,<pad>,<pad>,<pad>,<pad>,<pad>,<pad>,<pad>,<pad>,<pad>,<pad>,<pad>,<pad>,<pad>,<pad>
97,1,13,81,39,<pad>,<pad>,<pad>,<pad>,<pad>,<pad>,<pad>,<pad>,<pad>,<pad>,<pad>,<pad>,<pad>,<pad>,<pad>,<pad>,<pad>
98,2,31,71,50,32,<pad>,<pad>,<pad>,<pad>,<pad>,<pad>,<pad>,<pad>,<pad>,<pad>,<pad>,<pad>,<pad>,<pad>,<pad>,<pad>
99,2,26,15,41,71,<pad>,<pad>,<pad>,<pad>,<pad>,<pad>,<pad>,<pad>,<pad>,<pad>,<pad>,<pad>,<pad>,<pad>,<pad>,<pad>
100,10,50,69,48,27,29,63,56,68,71,31,44,81,<pad>,<pad>,<pad>,<pad>,<pad>,<pad>,<pad>,<pad>
101,2,81,68,71,50,<pad>,<pad>,<pad>,<pad>,<pad>,<pad>,<pad>,<pad>,<pad>,<pad>,<pad>,<pad>,<pad>,<pad>,<pad>,<pad>
102,2,84,41,32,22,<pad>,<pad>,<pad>,<pad>,<pad>,<pad>,<pad>,<pad>,<pad>,<pad>,<pad>,<pad>,<pad>,<pad>,<pad>,<pad>
103,6,31,0,44,81,70,35,9,23,<pad>,<pad>,<pad>,<pad>,<pad>,<pad>,<pad>,<pad>,<pad>,<pad>,<pad>,<pad>
104,1,22,9,40,<pad>,<pad>,<pad>,<pad>,<pad>,<pad>,<pad>,<pad>,<pad>,<pad>,<pad>,<pad>,<pad>,<pad>,<pad>,<pad>,<pad>
105,6,50,13,8,0,44,84,41,22,<pad>,<pad>,<pad>,<pad>,<pad>,<pad>,<pad>,<pad>,<pad>,<pad>,<pad>,<pad>
106,18,42,32,9,35,8,17,13,15,82,50,71,81,44,45,14,85,1,53,27,25
107,2,82,71,50,15,<pad>,<pad>,<pad>,<pad>,<pad>,<pad>,<pad>,<pad>,<pad>,<pad>,<pad>,<pad>,<pad>,<pad>,<pad>,<pad>
108,2,42,71,13,50,<pad>,<pad>,<pad>,<pad>,<pad>,<pad>,<pad>,<pad>,<pad>,<pad>,<pad>,<pad>,<pad>,<pad>,<pad>,<pad>
109,1,32,17,57,<pad>,<pad>,<pad>,<pad>,<pad>,<pad>,<pad>,<pad>,<pad>,<pad>,<pad>,<pad>,<pad>,<pad>,<pad>,<pad>,<pad>
110,1,50,68,63,<pad>,<pad>,<pad>,<pad>,<pad>,<pad>,<pad>,<pad>,<pad>,<pad>,<pad>,<pad>,<pad>,<pad>,<pad>,<pad>,<pad>
111,2,27,35,69,36,<pad>,<pad>,<pad>,<pad>,<pad>,<pad>,<pad>,<pad>,<pad>,<pad>,<pad>,<pad>,<pad>,<pad>,<pad>,<pad>
112,1,15,14,8,<pad>,<pad>,<pad>,<pad>,<pad>,<pad>,<pad>,<pad>,<pad>,<pad>,<pad>,<pad>,<pad>,<pad>,<pad>,<pad>,<pad>
113,2,32,41,36,24,<pad>,<pad>,<pad>,<pad>,<pad>,<pad>,<pad>,<pad>,<pad>,<pad>,<pad>,<pad>,<pad>,<pad>,<pad>,<pad>
114,2,18,71,8,14,<pad>,<pad>,<pad>,<pad>,<pad>,<pad>,<pad>,<pad>,<pad>,<pad>,<pad>,<pad>,<pad>,<pad>,<pad>,<pad>
115,1,44,31,71,<pad>,<pad>,<pad>,<pad>,<pad>,<pad>,<pad>,<pad>,<pad>,<pad>,<pad>,<pad>,<pad>,<pad>,<pad>,<pad>,<pad>
116,2,46,71,32,82,<pad>,<pad>,<pad>,<pad>,<pad>,<pad>,<pad>,<pad>,<pad>,<pad>,<pad>,<pad>,<pad>,<pad>,<pad>,<pad>
117,2,60,55,69,10,<pad>,<pad>,<pad>,<pad>,<pad>,<pad>,<pad>,<pad>,<pad>,<pad>,<pad>,<pad>,<pad>,<pad>,<pad>,<pad>
118,1,17,71,36,<pad>,<pad>,<pad>,<pad>,<pad>,<pad>,<pad>,<pad>,<pad>,<pad>,<pad>,<pad>,<pad>,<pad>,<pad>,<pad>,<pad>
119,1,82,44,45,<pad>,<pad>,<pad>,<pad>,<pad>,<pad>,<pad>,<pad>,<pad>,<pad>,<pad>,<pad>,<pad>,<pad>,<pad>,<pad>,<pad>
120,2,27,82,35,13,<pad>,<pad>,<pad>,<pad>,<pad>,<pad>,<pad>,<pad>,<pad>,<pad>,<pad>,<pad>,<pad>,<pad>,<pad>,<pad>
121,10,19,21,16,84,41,35,70,71,81,44,0,74,<pad>,<pad>,<pad>,<pad>,<pad>,<pad>,<pad>,<pad>
122,5,71,35,18,81,44,17,9,<pad>,<pad>,<pad>,<pad>,<pad>,<pad>,<pad>,<pad>,<pad>,<pad>,<pad>,<pad>,<pad>
123,3,4,71,81,44,31,<pad>,<pad>,<pad>,<pad>,<pad>,<pad>,<pad>,<pad>,<pad>,<pad>,<pad>,<pad>,<pad>,<pad>,<pad>
124,3,9,32,15,50,68,<pad>,<pad>,<pad>,<pad>,<pad>,<pad>,<pad>,<pad>,<pad>,<pad>,<pad>,<pad>,<pad>,<pad>,<pad>
125,3,71,8,23,31,20,<pad>,<pad>,<pad>,<pad>,<pad>,<pad>,<pad>,<pad>,<pad>,<pad>,<pad>,<pad>,<pad>,<pad>,<pad>
126,7,71,50,82,15,8,32,13,70,51,<pad>,<pad>,<pad>,<pad>,<pad>,<pad>,<pad>,<pad>,<pad>,<pad>,<pad>
127,5,32,9,2,63,68,81,27,<pad>,<pad>,<pad>,<pad>,<pad>,<pad>,<pad>,<pad>,<pad>,<pad>,<pad>,<pad>,<pad>
128,2,50,62,76,41,<pad>,<pad>,<pad>,<pad>,<pad>,<pad>,<pad>,<pad>,<pad>,<pad>,<pad>,<pad>,<pad>,<pad>,<pad>,<pad>
129,1,27,71,82,<pad>,<pad>,<pad>,<pad>,<pad>,<pad>,<pad>,<pad>,<pad>,<pad>,<pad>,<pad>,<pad>,<pad>,<pad>,<pad>,<pad>
130,1,26,81,45,<pad>,<pad>,<pad>,<pad>,<pad>,<pad>,<pad>,<pad>,<pad>,<pad>,<pad>,<pad>,<pad>,<pad>,<pad>,<pad>,<pad>
131,1,18,35,32,<pad>,<pad>,<pad>,<pad>,<pad>,<pad>,<pad>,<pad>,<pad>,<pad>,<pad>,<pad>,<pad>,<pad>,<pad>,<pad>,<pad>
132,2,16,84,35,32,<pad>,<pad>,<pad>,<pad>,<pad>,<pad>,<pad>,<pad>,<pad>,<pad>,<pad>,<pad>,<pad>,<pad>,<pad>,<pad>
133,1,50,71,2,<pad>,<pad>,<pad>,<pad>,<pad>,<pad>,<pad>,<pad>,<pad>,<pad>,<pad>,<pad>,<pad>,<pad>,<pad>,<pad>,<pad>
134,3,23,32,35,50,70,<pad>,<pad>,<pad>,<pad>,<pad>,<pad>,<pad>,<pad>,<pad>,<pad>,<pad>,<pad>,<pad>,<pad>,<pad>
135,12,35,13,17,8,14,51,39,78,57,85,1,27,25,71,<pad>,<pad>,<pad>,<pad>,<pad>,<pad>
136,5,84,41,22,9,49,67,81,<pad>,<pad>,<pad>,<pad>,<pad>,<pad>,<pad>,<pad>,<pad>,<pad>,<pad>,<pad>,<pad>
137,1,40,70,50,<pad>,<pad>,<pad>,<pad>,<pad>,<pad>,<pad>,<pad>,<pad>,<pad>,<pad>,<pad>,<pad>,<pad>,<pad>,<pad>,<pad>
138,1,9,41,46,<pad>,<pad>,<pad>,<pad>,<pad>,<pad>,<pad>,<pad>,<pad>,<pad>,<pad>,<pad>,<pad>,<pad>,<pad>,<pad>,<pad>
139,2,71,32,45,25,<pad>,<pad>,<pad>,<pad>,<pad>,<pad>,<pad>,<pad>,<pad>,<pad>,<pad>,<pad>,<pad>,<pad>,<pad>,<pad>
140,1,35,70,50,<pad>,<pad>,<pad>,<pad>,<pad>,<pad>,<pad>,<pad>,<pad>,<pad>,<pad>,<pad>,<pad>,<pad>,<pad>,<pad>,<pad>
141,1,35,40,8,<pad>,<pad>,<pad>,<pad>,<pad>,<pad>,<pad>,<pad>,<pad>,<pad>,<pad>,<pad>,<pad>,<pad>,<pad>,<pad>,<pad>
142,1,14,35,40,<pad>,<pad>,<pad>,<pad>,<pad>,<pad>,<pad>,<pad>,<pad>,<pad>,<pad>,<pad>,<pad>,<pad>,<pad>,<pad>,<pad>
143,1,35,39,40,<pad>,<pad>,<pad>,<pad>,<pad>,<pad>,<pad>,<pad>,<pad>,<pad>,<pad>,<pad>,<pad>,<pad>,<pad>,<pad>,<pad>
144,3,40,39,2,35,14,<pad>,<pad>,<pad>,<pad>,<pad>,<pad>,<pad>,<pad>,<pad>,<pad>,<pad>,<pad>,<pad>,<pad>,<pad>
145,1,70,50,13,<pad>,<pad>,<pad>,<pad>,<pad>,<pad>,<pad>,<pad>,<pad>,<pad>,<pad>,<pad>,<pad>,<pad>,<pad>,<pad>,<pad>
146,6,53,14,82,9,84,69,49,45,<pad>,<pad>,<pad>,<pad>,<pad>,<pad>,<pad>,<pad>,<pad>,<pad>,<pad>,<pad>
147,1,21,76,27,<pad>,<pad>,<pad>,<pad>,<pad>,<pad>,<pad>,<pad>,<pad>,<pad>,<pad>,<pad>,<pad>,<pad>,<pad>,<pad>,<pad>
148,2,81,44,0,25,<pad>,<pad>,<pad>,<pad>,<pad>,<pad>,<pad>,<pad>,<pad>,<pad>,<pad>,<pad>,<pad>,<pad>,<pad>,<pad>
149,2,78,71,15,81,<pad>,<pad>,<pad>,<pad>,<pad>,<pad>,<pad>,<pad>,<pad>,<pad>,<pad>,<pad>,<pad>,<pad>,<pad>,<pad>
150,1,41,45,84,<pad>,<pad>,<pad>,<pad>,<pad>,<pad>,<pad>,<pad>,<pad>,<pad>,<pad>,<pad>,<pad>,<pad>,<pad>,<pad>,<pad>
151,2,35,41,32,50,<pad>,<pad>,<pad>,<pad>,<pad>,<pad>,<pad>,<pad>,<pad>,<pad>,<pad>,<pad>,<pad>,<pad>,<pad>,<pad>
152,2,31,9,37,50,<pad>,<pad>,<pad>,<pad>,<pad>,<pad>,<pad>,<pad>,<pad>,<pad>,<pad>,<pad>,<pad>,<pad>,<pad>,<pad>
153,1,71,82,45,<pad>,<pad>,<pad>,<pad>,<pad>,<pad>,<pad>,<pad>,<pad>,<pad>,<pad>,<pad>,<pad>,<pad>,<pad>,<pad>,<pad>
154,13,5,45,50,82,14,8,23,9,32,71,81,44,25,70,27,<pad>,<pad>,<pad>,<pad>,<pad>
155,2,41,84,32,21,<pad>,<pad>,<pad>,<pad>,<pad>,<pad>,<pad>,<pad>,<pad>,<pad>,<pad>,<pad>,<pad>,<pad>,<pad>,<pad>
156,16,51,72,69,48,3,24,41,35,70,50,71,81,25,45,44,0,31,43,<pad>,<pad>
157,5,2,40,75,34,49,71,35,<pad>,<pad>,<pad>,<pad>,<pad>,<pad>,<pad>,<pad>,<pad>,<pad>,<pad>,<pad>,<pad>
158,1,32,42,9,<pad>,<pad>,<pad>,<pad>,<pad>,<pad>,<pad>,<pad>,<pad>,<pad>,<pad>,<pad>,<pad>,<pad>,<pad>,<pad>,<pad>
159,1,32,39,70,<pad>,<pad>,<pad>,<pad>,<pad>,<pad>,<pad>,<pad>,<pad>,<pad>,<pad>,<pad>,<pad>,<pad>,<pad>,<pad>,<pad>
160,1,78,39,72,<pad>,<pad>,<pad>,<pad>,<pad>,<pad>,<pad>,<pad>,<pad>,<pad>,<pad>,<pad>,<pad>,<pad>,<pad>,<pad>,<pad>
161,2,71,40,35,45,<pad>,<pad>,<pad>,<pad>,<pad>,<pad>,<pad>,<pad>,<pad>,<pad>,<pad>,<pad>,<pad>,<pad>,<pad>,<pad>
162,2,84,9,23,32,<pad>,<pad>,<pad>,<pad>,<pad>,<pad>,<pad>,<pad>,<pad>,<pad>,<pad>,<pad>,<pad>,<pad>,<pad>,<pad>
163,1,32,41,71,<pad>,<pad>,<pad>,<pad>,<pad>,<pad>,<pad>,<pad>,<pad>,<pad>,<pad>,<pad>,<pad>,<pad>,<pad>,<pad>,<pad>
164,1,23,50,26,<pad>,<pad>,<pad>,<pad>,<pad>,<pad>,<pad>,<pad>,<pad>,<pad>,<pad>,<pad>,<pad>,<pad>,<pad>,<pad>,<pad>
165,7,32,40,51,71,81,22,41,4,36,<pad>,<pad>,<pad>,<pad>,<pad>,<pad>,<pad>,<pad>,<pad>,<pad>,<pad>
166,1,85,81,35,<pad>,<pad>,<pad>,<pad>,<pad>,<pad>,<pad>,<pad>,<pad>,<pad>,<pad>,<pad>,<pad>,<pad>,<pad>,<pad>,<pad>
167,2,26,45,82,71,<pad>,<pad>,<pad>,<pad>,<pad>,<pad>,<pad>,<pad>,<pad>,<pad>,<pad>,<pad>,<pad>,<pad>,<pad>,<pad>
168,1,9,50,71,<pad>,<pad>,<pad>,<pad>,<pad>,<pad>,<pad>,<pad>,<pad>,<pad>,<pad>,<pad>,<pad>,<pad>,<pad>,<pad>,<pad>
169,1,31,75,44,<pad>,<pad>,<pad>,<pad>,<pad>,<pad>,<pad>,<pad>,<pad>,<pad>,<pad>,<pad>,<pad>,<pad>,<pad>,<pad>,<pad>
170,1,85,82,63,<pad>,<pad>,<pad>,<pad>,<pad>,<pad>,<pad>,<pad>,<pad>,<pad>,<pad>,<pad>,<pad>,<pad>,<pad>,<pad>,<pad>
171,3,44,82,22,15,81,<pad>,<pad>,<pad>,<pad>,<pad>,<pad>,<pad>,<pad>,<pad>,<pad>,<pad>,<pad>,<pad>,<pad>,<pad>
172,1,84,44,15,<pad>,<pad>,<pad>,<pad>,<pad>,<pad>,<pad>,<pad>,<pad>,<pad>,<pad>,<pad>,<pad>,<pad>,<pad>,<pad>,<pad>
173,1,81,29,26,<pad>,<pad>,<pad>,<pad>,<pad>,<pad>,<pad>,<pad>,<pad>,<pad>,<pad>,<pad>,<pad>,<pad>,<pad>,<pad>,<pad>
174,9,45,13,50,35,8,18,9,70,71,31,25,<pad>,<pad>,<pad>,<pad>,<pad>,<pad>,<pad>,<pad>,<pad>
175,1,81,44,62,<pad>,<pad>,<pad>,<pad>,<pad>,<pad>,<pad>,<pad>,<pad>,<pad>,<pad>,<pad>,<pad>,<pad>,<pad>,<pad>,<pad>
176,2,68,27,73,21,<pad>,<pad>,<pad>,<pad>,<pad>,<pad>,<pad>,<pad>,<pad>,<pad>,<pad>,<pad>,<pad>,<pad>,<pad>,<pad>
177,1,23,85,32,<pad>,<pad>,<pad>,<pad>,<pad>,<pad>,<pad>,<pad>,<pad>,<pad>,<pad>,<pad>,<pad>,<pad>,<pad>,<pad>,<pad>
178,1,71,35,26,<pad>,<pad>,<pad>,<pad>,<pad>,<pad>,<pad>,<pad>,<pad>,<pad>,<pad>,<pad>,<pad>,<pad>,<pad>,<pad>,<pad>
179,1,71,81,74,<pad>,<pad>,<pad>,<pad>,<pad>,<pad>,<pad>,<pad>,<pad>,<pad>,<pad>,<pad>,<pad>,<pad>,<pad>,<pad>,<pad>
180,2,44,80,71,35,<pad>,<pad>,<pad>,<pad>,<pad>,<pad>,<pad>,<pad>,<pad>,<pad>,<pad>,<pad>,<pad>,<pad>,<pad>,<pad>
181,5,82,71,50,21,32,45,72,<pad>,<pad>,<pad>,<pad>,<pad>,<pad>,<pad>,<pad>,<pad>,<pad>,<pad>,<pad>,<pad>
182,1,19,55,68,<pad>,<pad>,<pad>,<pad>,<pad>,<pad>,<pad>,<pad>,<pad>,<pad>,<pad>,<pad>,<pad>,<pad>,<pad>,<pad>,<pad>
183,2,9,82,25,85,<pad>,<pad>,<pad>,<pad>,<pad>,<pad>,<pad>,<pad>,<pad>,<pad>,<pad>,<pad>,<pad>,<pad>,<pad>,<pad>
184,1,41,9,40,<pad>,<pad>,<pad>,<pad>,<pad>,<pad>,<pad>,<pad>,<pad>,<pad>,<pad>,<pad>,<pad>,<pad>,<pad>,<pad>,<pad>
185,1,26,82,81,<pad>,<pad>,<pad>,<pad>,<pad>,<pad>,<pad>,<pad>,<pad>,<pad>,<pad>,<pad>,<pad>,<pad>,<pad>,<pad>,<pad>
186,2,21,15,82,22,<pad>,<pad>,<pad>,<pad>,<pad>,<pad>,<pad>,<pad>,<pad>,<pad>,<pad>,<pad>,<pad>,<pad>,<pad>,<pad>
187,1,22,26,49,<pad>,<pad>,<pad>,<pad>,<pad>,<pad>,<pad>,<pad>,<pad>,<pad>,<pad>,<pad>,<pad>,<pad>,<pad>,<pad>,<pad>
188,1,71,81,17,<pad>,<pad>,<pad>,<pad>,<pad>,<pad>,<pad>,<pad>,<pad>,<pad>,<pad>,<pad>,<pad>,<pad>,<pad>,<pad>,<pad>
189,1,81,67,68,<pad>,<pad>,<pad>,<pad>,<pad>,<pad>,<pad>,<pad>,<pad>,<pad>,<pad>,<pad>,<pad>,<pad>,<pad>,<pad>,<pad>
190,1,2,40,71,<pad>,<pad>,<pad>,<pad>,<pad>,<pad>,<pad>,<pad>,<pad>,<pad>,<pad>,<pad>,<pad>,<pad>,<pad>,<pad>,<pad>
191,1,41,9,2,<pad>,<pad>,<pad>,<pad>,<pad>,<pad>,<pad>,<pad>,<pad>,<pad>,<pad>,<pad>,<pad>,<pad>,<pad>,<pad>,<pad>
192,6,23,9,35,82,50,71,15,61,<pad>,<pad>,<pad>,<pad>,<pad>,<pad>,<pad>,<pad>,<pad>,<pad>,<pad>,<pad>
193,1,29,31,44,<pad>,<pad>,<pad>,<pad>,<pad>,<pad>,<pad>,<pad>,<pad>,<pad>,<pad>,<pad>,<pad>,<pad>,<pad>,<pad>,<pad>
194,5,71,50,82,17,15,13,42,<pad>,<pad>,<pad>,<pad>,<pad>,<pad>,<pad>,<pad>,<pad>,<pad>,<pad>,<pad>,<pad>
195,2,82,9,70,50,<pad>,<pad>,<pad>,<pad>,<pad>,<pad>,<pad>,<pad>,<pad>,<pad>,<pad>,<pad>,<pad>,<pad>,<pad>,<pad>
196,1,9,70,50,<pad>,<pad>,<pad>,<pad>,<pad>,<pad>,<pad>,<pad>,<pad>,<pad>,<pad>,<pad>,<pad>,<pad>,<pad>,<pad>,<pad>
197,1,49,81,68,<pad>,<pad>,<pad>,<pad>,<pad>,<pad>,<pad>,<pad>,<pad>,<pad>,<pad>,<pad>,<pad>,<pad>,<pad>,<pad>,<pad>
198,1,37,36,22,<pad>,<pad>,<pad>,<pad>,<pad>,<pad>,<pad>,<pad>,<pad>,<pad>,<pad>,<pad>,<pad>,<pad>,<pad>,<pad>,<pad>
199,2,40,71,35,9,<pad>,<pad>,<pad>,<pad>,<pad>,<pad>,<pad>,<pad>,<pad>,<pad>,<pad>,<pad>,<pad>,<pad>,<pad>,<pad>
200,1,48,1,53,<pad>,<pad>,<pad>,<pad>,<pad>,<pad>,<pad>,<pad>,<pad>,<pad>,<pad>,<pad>,<pad>,<pad>,<pad>,<pad>,<pad>
201,6,41,84,9,35,70,50,71,82,<pad>,<pad>,<pad>,<pad>,<pad>,<pad>,<pad>,<pad>,<pad>,<pad>,<pad>,<pad>
202,9,45,50,35,2,22,9,71,72,68,34,82,<pad>,<pad>,<pad>,<pad>,<pad>,<pad>,<pad>,<pad>,<pad>
203,2,35,9,22,41,<pad>,<pad>,<pad>,<pad>,<pad>,<pad>,<pad>,<pad>,<pad>,<pad>,<pad>,<pad>,<pad>,<pad>,<pad>,<pad>
204,1,70,50,71,<pad>,<pad>,<pad>,<pad>,<pad>,<pad>,<pad>,<pad>,<pad>,<pad>,<pad>,<pad>,<pad>,<pad>,<pad>,<pad>,<pad>
205,1,44,50,82,<pad>,<pad>,<pad>,<pad>,<pad>,<pad>,<pad>,<pad>,<pad>,<pad>,<pad>,<pad>,<pad>,<pad>,<pad>,<pad>,<pad>
206,2,31,75,81,32,<pad>,<pad>,<pad>,<pad>,<pad>,<pad>,<pad>,<pad>,<pad>,<pad>,<pad>,<pad>,<pad>,<pad>,<pad>,<pad>
207,1,42,35,70,<pad>,<pad>,<pad>,<pad>,<pad>,<pad>,<pad>,<pad>,<pad>,<pad>,<pad>,<pad>,<pad>,<pad>,<pad>,<pad>,<pad>
208,1,85,82,15,<pad>,<pad>,<pad>,<pad>,<pad>,<pad>,<pad>,<pad>,<pad>,<pad>,<pad>,<pad>,<pad>,<pad>,<pad>,<pad>,<pad>
209,1,41,81,45,<pad>,<pad>,<pad>,<pad>,<pad>,<pad>,<pad>,<pad>,<pad>,<pad>,<pad>,<pad>,<pad>,<pad>,<pad>,<pad>,<pad>
210,3,71,81,44,45,15,<pad>,<pad>,<pad>,<pad>,<pad>,<pad>,<pad>,<pad>,<pad>,<pad>,<pad>,<pad>,<pad>,<pad>,<pad>
211,3,85,53,1,46,25,<pad>,<pad>,<pad>,<pad>,<pad>,<pad>,<pad>,<pad>,<pad>,<pad>,<pad>,<pad>,<pad>,<pad>,<pad>
212,6,81,44,45,29,43,49,67,68,<pad>,<pad>,<pad>,<pad>,<pad>,<pad>,<pad>,<pad>,<pad>,<pad>,<pad>,<pad>
213,4,71,9,32,23,18,8,<pad>,<pad>,<pad>,<pad>,<pad>,<pad>,<pad>,<pad>,<pad>,<pad>,<pad>,<pad>,<pad>,<pad>
214,3,1,70,39,2,40,<pad>,<pad>,<pad>,<pad>,<pad>,<pad>,<pad>,<pad>,<pad>,<pad>,<pad>,<pad>,<pad>,<pad>,<pad>
215,3,71,81,82,45,25,<pad>,<pad>,<pad>,<pad>,<pad>,<pad>,<pad>,<pad>,<pad>,<pad>,<pad>,<pad>,<pad>,<pad>,<pad>
216,1,48,2,67,<pad>,<pad>,<pad>,<pad>,<pad>,<pad>,<pad>,<pad>,<pad>,<pad>,<pad>,<pad>,<pad>,<pad>,<pad>,<pad>,<pad>
217,6,82,32,35,50,23,9,40,2,<pad>,<pad>,<pad>,<pad>,<pad>,<pad>,<pad>,<pad>,<pad>,<pad>,<pad>,<pad>
218,1,19,84,22,<pad>,<pad>,<pad>,<pad>,<pad>,<pad>,<pad>,<pad>,<pad>,<pad>,<pad>,<pad>,<pad>,<pad>,<pad>,<pad>,<pad>
219,1,0,31,81,<pad>,<pad>,<pad>,<pad>,<pad>,<pad>,<pad>,<pad>,<pad>,<pad>,<pad>,<pad>,<pad>,<pad>,<pad>,<pad>,<pad>
220,2,82,66,58,25,<pad>,<pad>,<pad>,<pad>,<pad>,<pad>,<pad>,<pad>,<pad>,<pad>,<pad>,<pad>,<pad>,<pad>,<pad>,<pad>
221,3,71,45,81,68,50,<pad>,<pad>,<pad>,<pad>,<pad>,<pad>,<pad>,<pad>,<pad>,<pad>,<pad>,<pad>,<pad>,<pad>,<pad>
222,1,81,71,9,<pad>,<pad>,<pad>,<pad>,<pad>,<pad>,<pad>,<pad>,<pad>,<pad>,<pad>,<pad>,<pad>,<pad>,<pad>,<pad>,<pad>
223,1,38,19,35,<pad>,<pad>,<pad>,<pad>,<pad>,<pad>,<pad>,<pad>,<pad>,<pad>,<pad>,<pad>,<pad>,<pad>,<pad>,<pad>,<pad>
224,2,32,71,22,84,<pad>,<pad>,<pad>,<pad>,<pad>,<pad>,<pad>,<pad>,<pad>,<pad>,<pad>,<pad>,<pad>,<pad>,<pad>,<pad>
225,1,84,36,22,<pad>,<pad>,<pad>,<pad>,<pad>,<pad>,<pad>,<pad>,<pad>,<pad>,<pad>,<pad>,<pad>,<pad>,<pad>,<pad>,<pad>
226,2,39,50,2,41,<pad>,<pad>,<pad>,<pad>,<pad>,<pad>,<pad>,<pad>,<pad>,<pad>,<pad>,<pad>,<pad>,<pad>,<pad>,<pad>
227,4,37,82,71,68,62,52,<pad>,<pad>,<pad>,<pad>,<pad>,<pad>,<pad>,<pad>,<pad>,<pad>,<pad>,<pad>,<pad>,<pad>
228,1,14,3,26,<pad>,<pad>,<pad>,<pad>,<pad>,<pad>,<pad>,<pad>,<pad>,<pad>,<pad>,<pad>,<pad>,<pad>,<pad>,<pad>,<pad>
229,1,16,82,18,<pad>,<pad>,<pad>,<pad>,<pad>,<pad>,<pad>,<pad>,<pad>,<pad>,<pad>,<pad>,<pad>,<pad>,<pad>,<pad>,<pad>
230,2,35,82,0,81,<pad>,<pad>,<pad>,<pad>,<pad>,<pad>,<pad>,<pad>,<pad>,<pad>,<pad>,<pad>,<pad>,<pad>,<pad>,<pad>
231,3,25,27,50,44,68,<pad>,<pad>,<pad>,<pad>,<pad>,<pad>,<pad>,<pad>,<pad>,<pad>,<pad>,<pad>,<pad>,<pad>,<pad>
232,5,14,13,71,9,39,40,2,<pad>,<pad>,<pad>,<pad>,<pad>,<pad>,<pad>,<pad>,<pad>,<pad>,<pad>,<pad>,<pad>
233,1,15,35,71,<pad>,<pad>,<pad>,<pad>,<pad>,<pad>,<pad>,<pad>,<pad>,<pad>,<pad>,<pad>,<pad>,<pad>,<pad>,<pad>,<pad>
234,1,55,63,56,<pad>,<pad>,<pad>,<pad>,<pad>,<pad>,<pad>,<pad>,<pad>,<pad>,<pad>,<pad>,<pad>,<pad>,<pad>,<pad>,<pad>
235,1,51,42,73,<pad>,<pad>,<pad>,<pad>,<pad>,<pad>,<pad>,<pad>,<pad>,<pad>,<pad>,<pad>,<pad>,<pad>,<pad>,<pad>,<pad>
236,1,70,81,13,<pad>,<pad>,<pad>,<pad>,<pad>,<pad>,<pad>,<pad>,<pad>,<pad>,<pad>,<pad>,<pad>,<pad>,<pad>,<pad>,<pad>
237,1,15,14,85,<pad>,<pad>,<pad>,<pad>,<pad>,<pad>,<pad>,<pad>,<pad>,<pad>,<pad>,<pad>,<pad>,<pad>,<pad>,<pad>,<pad>
238,1,40,39,51,<pad>,<pad>,<pad>,<pad>,<pad>,<pad>,<pad>,<pad>,<pad>,<pad>,<pad>,<pad>,<pad>,<pad>,<pad>,<pad>,<pad>
239,3,44,50,68,71,81,<pad>,<pad>,<pad>,<pad>,<pad>,<pad>,<pad>,<pad>,<pad>,<pad>,<pad>,<pad>,<pad>,<pad>,<pad>
240,1,50,81,75,<pad>,<pad>,<pad>,<pad>,<pad>,<pad>,<pad>,<pad>,<pad>,<pad>,<pad>,<pad>,<pad>,<pad>,<pad>,<pad>,<pad>
241,2,21,45,49,76,<pad>,<pad>,<pad>,<pad>,<pad>,<pad>,<pad>,<pad>,<pad>,<pad>,<pad>,<pad>,<pad>,<pad>,<pad>,<pad>
242,1,82,84,41,<pad>,<pad>,<pad>,<pad>,<pad>,<pad>,<pad>,<pad>,<pad>,<pad>,<pad>,<pad>,<pad>,<pad>,<pad>,<pad>,<pad>
243,3,11,70,35,40,9,<pad>,<pad>,<pad>,<pad>,<pad>,<pad>,<pad>,<pad>,<pad>,<pad>,<pad>,<pad>,<pad>,<pad>,<pad>
244,1,71,68,52,<pad>,<pad>,<pad>,<pad>,<pad>,<pad>,<pad>,<pad>,<pad>,<pad>,<pad>,<pad>,<pad>,<pad>,<pad>,<pad>,<pad>
245,1,41,68,67,<pad>,<pad>,<pad>,<pad>,<pad>,<pad>,<pad>,<pad>,<pad>,<pad>,<pad>,<pad>,<pad>,<pad>,<pad>,<pad>,<pad>
246,1,23,9,18,<pad>,<pad>,<pad>,<pad>,<pad>,<pad>,<pad>,<pad>,<pad>,<pad>,<pad>,<pad>,<pad>,<pad>,<pad>,<pad>,<pad>
247,1,57,68,82,<pad>,<pad>,<pad>,<pad>,<pad>,<pad>,<pad>,<pad>,<pad>,<pad>,<pad>,<pad>,<pad>,<pad>,<pad>,<pad>,<pad>
248,6,21,84,41,71,81,44,45,73,<pad>,<pad>,<pad>,<pad>,<pad>,<pad>,<pad>,<pad>,<pad>,<pad>,<pad>,<pad>
249,5,47,53,44,81,71,50,73,<pad>,<pad>,<pad>,<pad>,<pad>,<pad>,<pad>,<pad>,<pad>,<pad>,<pad>,<pad>,<pad>
250,1,39,78,41,<pad>,<pad>,<pad>,<pad>,<pad>,<pad>,<pad>,<pad>,<pad>,<pad>,<pad>,<pad>,<pad>,<pad>,<pad>,<pad>,<pad>
251,8,9,13,17,41,36,35,71,68,0,44,<pad>,<pad>,<pad>,<pad>,<pad>,<pad>,<pad>,<pad>,<pad>,<pad>
252,7,45,82,84,1,71,50,70,13,9,<pad>,<pad>,<pad>,<pad>,<pad>,<pad>,<pad>,<pad>,<pad>,<pad>,<pad>
253,1,71,50,82,<pad>,<pad>,<pad>,<pad>,<pad>,<pad>,<pad>,<pad>,<pad>,<pad>,<pad>,<pad>,<pad>,<pad>,<pad>,<pad>,<pad>
254,2,40,71,68,57,<pad>,<pad>,<pad>,<pad>,<pad>,<pad>,<pad>,<pad>,<pad>,<pad>,<pad>,<pad>,<pad>,<pad>,<pad>,<pad>
255,3,5,29,31,85,35,<pad>,<pad>,<pad>,<pad>,<pad>,<pad>,<pad>,<pad>,<pad>,<pad>,<pad>,<pad>,<pad>,<pad>,<pad>
256,1,35,84,26,<pad>,<pad>,<pad>,<pad>,<pad>,<pad>,<pad>,<pad>,<pad>,<pad>,<pad>,<pad>,<pad>,<pad>,<pad>,<pad>,<pad>
257,2,9,82,32,71,<pad>,<pad>,<pad>,<pad>,<pad>,<pad>,<pad>,<pad>,<pad>,<pad>,<pad>,<pad>,<pad>,<pad>,<pad>,<pad>
258,1,82,32,17,<pad>,<pad>,<pad>,<pad>,<pad>,<pad>,<pad>,<pad>,<pad>,<pad>,<pad>,<pad>,<pad>,<pad>,<pad>,<pad>,<pad>
259,2,69,82,3,2,<pad>,<pad>,<pad>,<pad>,<pad>,<pad>,<pad>,<pad>,<pad>,<pad>,<pad>,<pad>,<pad>,<pad>,<pad>,<pad>
260,1,71,25,82,<pad>,<pad>,<pad>,<pad>,<pad>,<pad>,<pad>,<pad>,<pad>,<pad>,<pad>,<pad>,<pad>,<pad>,<pad>,<pad>,<pad>
261,1,81,0,78,<pad>,<pad>,<pad>,<pad>,<pad>,<pad>,<pad>,<pad>,<pad>,<pad>,<pad>,<pad>,<pad>,<pad>,<pad>,<pad>,<pad>
262,1,82,71,70,<pad>,<pad>,<pad>,<pad>,<pad>,<pad>,<pad>,<pad>,<pad>,<pad>,<pad>,<pad>,<pad>,<pad>,<pad>,<pad>,<pad>
263,1,0,31,71,<pad>,<pad>,<pad>,<pad>,<pad>,<pad>,<pad>,<pad>,<pad>,<pad>,<pad>,<pad>,<pad>,<pad>,<pad>,<pad>,<pad>
264,4,37,50,71,13,70,82,<pad>,<pad>,<pad>,<pad>,<pad>,<pad>,<pad>,<pad>,<pad>,<pad>,<pad>,<pad>,<pad>,<pad>
265,1,9,35,71,<pad>,<pad>,<pad>,<pad>,<pad>,<pad>,<pad>,<pad>,<pad>,<pad>,<pad>,<pad>,<pad>,<pad>,<pad>,<pad>,<pad>
266,2,22,9,18,50,<pad>,<pad>,<pad>,<pad>,<pad>,<pad>,<pad>,<pad>,<pad>,<pad>,<pad>,<pad>,<pad>,<pad>,<pad>,<pad>
267,1,71,50,70,<pad>,<pad>,<pad>,<pad>,<pad>,<pad>,<pad>,<pad>,<pad>,<pad>,<pad>,<pad>,<pad>,<pad>,<pad>,<pad>,<pad>
268,1,9,32,18,<pad>,<pad>,<pad>,<pad>,<pad>,<pad>,<pad>,<pad>,<pad>,<pad>,<pad>,<pad>,<pad>,<pad>,<pad>,<pad>,<pad>
269,4,50,70,39,40,48,49,<pad>,<pad>,<pad>,<pad>,<pad>,<pad>,<pad>,<pad>,<pad>,<pad>,<pad>,<pad>,<pad>,<pad>
270,1,19,35,32,<pad>,<pad>,<pad>,<pad>,<pad>,<pad>,<pad>,<pad>,<pad>,<pad>,<pad>,<pad>,<pad>,<pad>,<pad>,<pad>,<pad>
271,1,32,14,68,<pad>,<pad>,<pad>,<pad>,<pad>,<pad>,<pad>,<pad>,<pad>,<pad>,<pad>,<pad>,<pad>,<pad>,<pad>,<pad>,<pad>
272,1,2,48,47,<pad>,<pad>,<pad>,<pad>,<pad>,<pad>,<pad>,<pad>,<pad>,<pad>,<pad>,<pad>,<pad>,<pad>,<pad>,<pad>,<pad>
273,1,23,32,9,<pad>,<pad>,<pad>,<pad>,<pad>,<pad>,<pad>,<pad>,<pad>,<pad>,<pad>,<pad>,<pad>,<pad>,<pad>,<pad>,<pad>
274,11,81,0,31,82,50,71,70,35,32,4,41,21,40,<pad>,<pad>,<pad>,<pad>,<pad>,<pad>,<pad>
275,2,81,43,72,35,<pad>,<pad>,<pad>,<pad>,<pad>,<pad>,<pad>,<pad>,<pad>,<pad>,<pad>,<pad>,<pad>,<pad>,<pad>,<pad>
276,1,22,21,49,<pad>,<pad>,<pad>,<pad>,<pad>,<pad>,<pad>,<pad>,<pad>,<pad>,<pad>,<pad>,<pad>,<pad>,<pad>,<pad>,<pad>
277,1,35,70,17,<pad>,<pad>,<pad>,<pad>,<pad>,<pad>,<pad>,<pad>,<pad>,<pad>,<pad>,<pad>,<pad>,<pad>,<pad>,<pad>,<pad>
278,1,24,84,4,<pad>,<pad>,<pad>,<pad>,<pad>,<pad>,<pad>,<pad>,<pad>,<pad>,<pad>,<pad>,<pad>,<pad>,<pad>,<pad>,<pad>
279,3,45,25,82,71,35,<pad>,<pad>,<pad>,<pad>,<pad>,<pad>,<pad>,<pad>,<pad>,<pad>,<pad>,<pad>,<pad>,<pad>,<pad>
280,1,17,8,85,<pad>,<pad>,<pad>,<pad>,<pad>,<pad>,<pad>,<pad>,<pad>,<pad>,<pad>,<pad>,<pad>,<pad>,<pad>,<pad>,<pad>
281,3,50,71,31,49,33,<pad>,<pad>,<pad>,<pad>,<pad>,<pad>,<pad>,<pad>,<pad>,<pad>,<pad>,<pad>,<pad>,<pad>,<pad>
282,1,31,81,50,<pad>,<pad>,<pad>,<pad>,<pad>,<pad>,<pad>,<pad>,<pad>,<pad>,<pad>,<pad>,<pad>,<pad>,<pad>,<pad>,<pad>
283,1,44,0,71,<pad>,<pad>,<pad>,<pad>,<pad>,<pad>,<pad>,<pad>,<pad>,<pad>,<pad>,<pad>,<pad>,<pad>,<pad>,<pad>,<pad>
284,4,18,50,71,23,1,13,<pad>,<pad>,<pad>,<pad>,<pad>,<pad>,<pad>,<pad>,<pad>,<pad>,<pad>,<pad>,<pad>,<pad>
285,2,73,38,9,32,<pad>,<pad>,<pad>,<pad>,<pad>,<pad>,<pad>,<pad>,<pad>,<pad>,<pad>,<pad>,<pad>,<pad>,<pad>,<pad>
286,1,45,82,71,<pad>,<pad>,<pad>,<pad>,<pad>,<pad>,<pad>,<pad>,<pad>,<pad>,<pad>,<pad>,<pad>,<pad>,<pad>,<pad>,<pad>
287,5,35,82,71,68,57,79,41,<pad>,<pad>,<pad>,<pad>,<pad>,<pad>,<pad>,<pad>,<pad>,<pad>,<pad>,<pad>,<pad>
288,5,2,70,50,15,13,32,49,<pad>,<pad>,<pad>,<pad>,<pad>,<pad>,<pad>,<pad>,<pad>,<pad>,<pad>,<pad>,<pad>
289,4,81,44,45,25,46,72,<pad>,<pad>,<pad>,<pad>,<pad>,<pad>,<pad>,<pad>,<pad>,<pad>,<pad>,<pad>,<pad>,<pad>
290,1,39,70,50,<pad>,<pad>,<pad>,<pad>,<pad>,<pad>,<pad>,<pad>,<pad>,<pad>,<pad>,<pad>,<pad>,<pad>,<pad>,<pad>,<pad>
291,1,81,50,45,<pad>,<pad>,<pad>,<pad>,<pad>,<pad>,<pad>,<pad>,<pad>,<pad>,<pad>,<pad>,<pad>,<pad>,<pad>,<pad>,<pad>
292,2,25,27,81,71,<pad>,<pad>,<pad>,<pad>,<pad>,<pad>,<pad>,<pad>,<pad>,<pad>,<pad>,<pad>,<pad>,<pad>,<pad>,<pad>
293,1,32,9,23,<pad>,<pad>,<pad>,<pad>,<pad>,<pad>,<pad>,<pad>,<pad>,<pad>,<pad>,<pad>,<pad>,<pad>,<pad>,<pad>,<pad>
294,1,71,50,37,<pad>,<pad>,<pad>,<pad>,<pad>,<pad>,<pad>,<pad>,<pad>,<pad>,<pad>,<pad>,<pad>,<pad>,<pad>,<pad>,<pad>
295,1,23,82,74,<pad>,<pad>,<pad>,<pad>,<pad>,<pad>,<pad>,<pad>,<pad>,<pad>,<pad>,<pad>,<pad>,<pad>,<pad>,<pad>,<pad>
296,1,32,9,28,<pad>,<pad>,<pad>,<pad>,<pad>,<pad>,<pad>,<pad>,<pad>,<pad>,<pad>,<pad>,<pad>,<pad>,<pad>,<pad>,<pad>
297,1,31,3,11,<pad>,<pad>,<pad>,<pad>,<pad>,<pad>,<pad>,<pad>,<pad>,<pad>,<pad>,<pad>,<pad>,<pad>,<pad>,<pad>,<pad>
298,1,9,8,13,<pad>,<pad>,<pad>,<pad>,<pad>,<pad>,<pad>,<pad>,<pad>,<pad>,<pad>,<pad>,<pad>,<pad>,<pad>,<pad>,<pad>
299,6,75,67,81,71,50,82,9,36,<pad>,<pad>,<pad>,<pad>,<pad>,<pad>,<pad>,<pad>,<pad>,<pad>,<pad>,<pad>
300,3,71,81,45,32,50,<pad>,<pad>,<pad>,<pad>,<pad>,<pad>,<pad>,<pad>,<pad>,<pad>,<pad>,<pad>,<pad>,<pad>,<pad>
301,2,71,82,81,45,<pad>,<pad>,<pad>,<pad>,<pad>,<pad>,<pad>,<pad>,<pad>,<pad>,<pad>,<pad>,<pad>,<pad>,<pad>,<pad>
302,1,71,2,40,<pad>,<pad>,<pad>,<pad>,<pad>,<pad>,<pad>,<pad>,<pad>,<pad>,<pad>,<pad>,<pad>,<pad>,<pad>,<pad>,<pad>
303,3,17,9,39,40,82,<pad>,<pad>,<pad>,<pad>,<pad>,<pad>,<pad>,<pad>,<pad>,<pad>,<pad>,<pad>,<pad>,<pad>,<pad>
304,4,71,69,48,84,41,19,<pad>,<pad>,<pad>,<pad>,<pad>,<pad>,<pad>,<pad>,<pad>,<pad>,<pad>,<pad>,<pad>,<pad>
305,4,81,82,67,63,0,44,<pad>,<pad>,<pad>,<pad>,<pad>,<pad>,<pad>,<pad>,<pad>,<pad>,<pad>,<pad>,<pad>,<pad>
306,1,63,55,56,<pad>,<pad>,<pad>,<pad>,<pad>,<pad>,<pad>,<pad>,<pad>,<pad>,<pad>,<pad>,<pad>,<pad>,<pad>,<pad>,<pad>
307,3,84,68,25,82,71,<pad>,<pad>,<pad>,<pad>,<pad>,<pad>,<pad>,<pad>,<pad>,<pad>,<pad>,<pad>,<pad>,<pad>,<pad>
308,2,40,11,48,2,<pad>,<pad>,<pad>,<pad>,<pad>,<pad>,<pad>,<pad>,<pad>,<pad>,<pad>,<pad>,<pad>,<pad>,<pad>,<pad>
309,1,9,22,41,<pad>,<pad>,<pad>,<pad>,<pad>,<pad>,<pad>,<pad>,<pad>,<pad>,<pad>,<pad>,<pad>,<pad>,<pad>,<pad>,<pad>
310,4,75,43,49,31,81,82,<pad>,<pad>,<pad>,<pad>,<pad>,<pad>,<pad>,<pad>,<pad>,<pad>,<pad>,<pad>,<pad>,<pad>
311,1,31,82,71,<pad>,<pad>,<pad>,<pad>,<pad>,<pad>,<pad>,<pad>,<pad>,<pad>,<pad>,<pad>,<pad>,<pad>,<pad>,<pad>,<pad>
312,1,0,31,22,<pad>,<pad>,<pad>,<pad>,<pad>,<pad>,<pad>,<pad>,<pad>,<pad>,<pad>,<pad>,<pad>,<pad>,<pad>,<pad>,<pad>
313,1,9,22,81,<pad>,<pad>,<pad>,<pad>,<pad>,<pad>,<pad>,<pad>,<pad>,<pad>,<pad>,<pad>,<pad>,<pad>,<pad>,<pad>,<pad>
314,3,71,82,50,70,35,<pad>,<pad>,<pad>,<pad>,<pad>,<pad>,<pad>,<pad>,<pad>,<pad>,<pad>,<pad>,<pad>,<pad>,<pad>
315,3,32,31,23,18,35,<pad>,<pad>,<pad>,<pad>,<pad>,<pad>,<pad>,<pad>,<pad>,<pad>,<pad>,<pad>,<pad>,<pad>,<pad>
316,8,14,17,13,35,81,71,44,31,50,15,<pad>,<pad>,<pad>,<pad>,<pad>,<pad>,<pad>,<pad>,<pad>,<pad>
317,3,14,50,71,81,82,<pad>,<pad>,<pad>,<pad>,<pad>,<pad>,<pad>,<pad>,<pad>,<pad>,<pad>,<pad>,<pad>,<pad>,<pad>
318,3,50,35,40,2,51,<pad>,<pad>,<pad>,<pad>,<pad>,<pad>,<pad>,<pad>,<pad>,<pad>,<pad>,<pad>,<pad>,<pad>,<pad>
319,1,85,46,44,<pad>,<pad>,<pad>,<pad>,<pad>,<pad>,<pad>,<pad>,<pad>,<pad>,<pad>,<pad>,<pad>,<pad>,<pad>,<pad>,<pad>
320,4,84,9,35,70,15,17,<pad>,<pad>,<pad>,<pad>,<pad>,<pad>,<pad>,<pad>,<pad>,<pad>,<pad>,<pad>,<pad>,<pad>
321,1,56,63,55,<pad>,<pad>,<pad>,<pad>,<pad>,<pad>,<pad>,<pad>,<pad>,<pad>,<pad>,<pad>,<pad>,<pad>,<pad>,<pad>,<pad>
322,2,9,35,44,75,<pad>,<pad>,<pad>,<pad>,<pad>,<pad>,<pad>,<pad>,<pad>,<pad>,<pad>,<pad>,<pad>,<pad>,<pad>,<pad>
323,2,35,50,82,41,<pad>,<pad>,<pad>,<pad>,<pad>,<pad>,<pad>,<pad>,<pad>,<pad>,<pad>,<pad>,<pad>,<pad>,<pad>,<pad>
324,1,31,25,16,<pad>,<pad>,<pad>,<pad>,<pad>,<pad>,<pad>,<pad>,<pad>,<pad>,<pad>,<pad>,<pad>,<pad>,<pad>,<pad>,<pad>
325,1,70,0,4,<pad>,<pad>,<pad>,<pad>,<pad>,<pad>,<pad>,<pad>,<pad>,<pad>,<pad>,<pad>,<pad>,<pad>,<pad>,<pad>,<pad>
326,1,82,50,71,<pad>,<pad>,<pad>,<pad>,<pad>,<pad>,<pad>,<pad>,<pad>,<pad>,<pad>,<pad>,<pad>,<pad>,<pad>,<pad>,<pad>
327,3,31,85,27,25,36,<pad>,<pad>,<pad>,<pad>,<pad>,<pad>,<pad>,<pad>,<pad>,<pad>,<pad>,<pad>,<pad>,<pad>,<pad>
328,1,3,71,48,<pad>,<pad>,<pad>,<pad>,<pad>,<pad>,<pad>,<pad>,<pad>,<pad>,<pad>,<pad>,<pad>,<pad>,<pad>,<pad>,<pad>
329,2,7,35,70,50,<pad>,<pad>,<pad>,<pad>,<pad>,<pad>,<pad>,<pad>,<pad>,<pad>,<pad>,<pad>,<pad>,<pad>,<pad>,<pad>
330,8,27,42,38,22,41,37,9,23,8,32,<pad>,<pad>,<pad>,<pad>,<pad>,<pad>,<pad>,<pad>,<pad>,<pad>
331,2,40,39,68,51,<pad>,<pad>,<pad>,<pad>,<pad>,<pad>,<pad>,<pad>,<pad>,<pad>,<pad>,<pad>,<pad>,<pad>,<pad>,<pad>
332,1,18,25,4,<pad>,<pad>,<pad>,<pad>,<pad>,<pad>,<pad>,<pad>,<pad>,<pad>,<pad>,<pad>,<pad>,<pad>,<pad>,<pad>,<pad>
333,1,4,25,18,<pad>,<pad>,<pad>,<pad>,<pad>,<pad>,<pad>,<pad>,<pad>,<pad>,<pad>,<pad>,<pad>,<pad>,<pad>,<pad>,<pad>
334,1,19,23,32,<pad>,<pad>,<pad>,<pad>,<pad>,<pad>,<pad>,<pad>,<pad>,<pad>,<pad>,<pad>,<pad>,<pad>,<pad>,<pad>,<pad>
335,1,71,68,81,<pad>,<pad>,<pad>,<pad>,<pad>,<pad>,<pad>,<pad>,<pad>,<pad>,<pad>,<pad>,<pad>,<pad>,<pad>,<pad>,<pad>
336,3,23,82,71,22,3,<pad>,<pad>,<pad>,<pad>,<pad>,<pad>,<pad>,<pad>,<pad>,<pad>,<pad>,<pad>,<pad>,<pad>,<pad>
337,1,84,15,50,<pad>,<pad>,<pad>,<pad>,<pad>,<pad>,<pad>,<pad>,<pad>,<pad>,<pad>,<pad>,<pad>,<pad>,<pad>,<pad>,<pad>
338,1,82,17,13,<pad>,<pad>,<pad>,<pad>,<pad>,<pad>,<pad>,<pad>,<pad>,<pad>,<pad>,<pad>,<pad>,<pad>,<pad>,<pad>,<pad>
339,5,45,15,82,71,35,70,50,<pad>,<pad>,<pad>,<pad>,<pad>,<pad>,<pad>,<pad>,<pad>,<pad>,<pad>,<pad>,<pad>
340,1,81,44,45,<pad>,<pad>,<pad>,<pad>,<pad>,<pad>,<pad>,<pad>,<pad>,<pad>,<pad>,<pad>,<pad>,<pad>,<pad>,<pad>,<pad>
341,1,50,81,44,<pad>,<pad>,<pad>,<pad>,<pad>,<pad>,<pad>,<pad>,<pad>,<pad>,<pad>,<pad>,<pad>,<pad>,<pad>,<pad>,<pad>
342,1,82,35,71,<pad>,<pad>,<pad>,<pad>,<pad>,<pad>,<pad>,<pad>,<pad>,<pad>,<pad>,<pad>,<pad>,<pad>,<pad>,<pad>,<pad>
343,1,53,36,40,<pad>,<pad>,<pad>,<pad>,<pad>,<pad>,<pad>,<pad>,<pad>,<pad>,<pad>,<pad>,<pad>,<pad>,<pad>,<pad>,<pad>
344,1,35,50,9,<pad>,<pad>,<pad>,<pad>,<pad>,<pad>,<pad>,<pad>,<pad>,<pad>,<pad>,<pad>,<pad>,<pad>,<pad>,<pad>,<pad>
345,2,71,43,49,81,<pad>,<pad>,<pad>,<pad>,<pad>,<pad>,<pad>,<pad>,<pad>,<pad>,<pad>,<pad>,<pad>,<pad>,<pad>,<pad>
346,3,8,35,82,50,70,<pad>,<pad>,<pad>,<pad>,<pad>,<pad>,<pad>,<pad>,<pad>,<pad>,<pad>,<pad>,<pad>,<pad>,<pad>
347,1,71,45,50,<pad>,<pad>,<pad>,<pad>,<pad>,<pad>,<pad>,<pad>,<pad>,<pad>,<pad>,<pad>,<pad>,<pad>,<pad>,<pad>,<pad>
348,5,41,32,19,73,51,35,50,<pad>,<pad>,<pad>,<pad>,<pad>,<pad>,<pad>,<pad>,<pad>,<pad>,<pad>,<pad>,<pad>
349,2,68,82,45,44,<pad>,<pad>,<pad>,<pad>,<pad>,<pad>,<pad>,<pad>,<pad>,<pad>,<pad>,<pad>,<pad>,<pad>,<pad>,<pad>
350,2,41,45,82,8,<pad>,<pad>,<pad>,<pad>,<pad>,<pad>,<pad>,<pad>,<pad>,<pad>,<pad>,<pad>,<pad>,<pad>,<pad>,<pad>
351,7,45,0,44,25,31,81,82,71,50,<pad>,<pad>,<pad>,<pad>,<pad>,<pad>,<pad>,<pad>,<pad>,<pad>,<pad>
352,5,25,51,71,81,0,31,14,<pad>,<pad>,<pad>,<pad>,<pad>,<pad>,<pad>,<pad>,<pad>,<pad>,<pad>,<pad>,<pad>
353,2,71,17,70,82,<pad>,<pad>,<pad>,<pad>,<pad>,<pad>,<pad>,<pad>,<pad>,<pad>,<pad>,<pad>,<pad>,<pad>,<pad>,<pad>
354,3,71,22,3,14,81,<pad>,<pad>,<pad>,<pad>,<pad>,<pad>,<pad>,<pad>,<pad>,<pad>,<pad>,<pad>,<pad>,<pad>,<pad>
355,1,28,32,50,<pad>,<pad>,<pad>,<pad>,<pad>,<pad>,<pad>,<pad>,<pad>,<pad>,<pad>,<pad>,<pad>,<pad>,<pad>,<pad>,<pad>
356,2,33,49,13,32,<pad>,<pad>,<pad>,<pad>,<pad>,<pad>,<pad>,<pad>,<pad>,<pad>,<pad>,<pad>,<pad>,<pad>,<pad>,<pad>
357,3,31,32,71,51,46,<pad>,<pad>,<pad>,<pad>,<pad>,<pad>,<pad>,<pad>,<pad>,<pad>,<pad>,<pad>,<pad>,<pad>,<pad>
358,2,81,44,75,49,<pad>,<pad>,<pad>,<pad>,<pad>,<pad>,<pad>,<pad>,<pad>,<pad>,<pad>,<pad>,<pad>,<pad>,<pad>,<pad>
359,3,10,78,39,40,26,<pad>,<pad>,<pad>,<pad>,<pad>,<pad>,<pad>,<pad>,<pad>,<pad>,<pad>,<pad>,<pad>,<pad>,<pad>
360,2,32,85,31,26,<pad>,<pad>,<pad>,<pad>,<pad>,<pad>,<pad>,<pad>,<pad>,<pad>,<pad>,<pad>,<pad>,<pad>,<pad>,<pad>
361,1,40,82,84,<pad>,<pad>,<pad>,<pad>,<pad>,<pad>,<pad>,<pad>,<pad>,<pad>,<pad>,<pad>,<pad>,<pad>,<pad>,<pad>,<pad>
362,2,31,23,32,9,<pad>,<pad>,<pad>,<pad>,<pad>,<pad>,<pad>,<pad>,<pad>,<pad>,<pad>,<pad>,<pad>,<pad>,<pad>,<pad>
363,2,31,37,81,35,<pad>,<pad>,<pad>,<pad>,<pad>,<pad>,<pad>,<pad>,<pad>,<pad>,<pad>,<pad>,<pad>,<pad>,<pad>,<pad>
364,3,23,8,84,22,31,<pad>,<pad>,<pad>,<pad>,<pad>,<pad>,<pad>,<pad>,<pad>,<pad>,<pad>,<pad>,<pad>,<pad>,<pad>
365,8,24,4,84,9,22,32,18,23,15,36,<pad>,<pad>,<pad>,<pad>,<pad>,<pad>,<pad>,<pad>,<pad>,<pad>
366,1,48,51,32,<pad>,<pad>,<pad>,<pad>,<pad>,<pad>,<pad>,<pad>,<pad>,<pad>,<pad>,<pad>,<pad>,<pad>,<pad>,<pad>,<pad>
367,5,2,35,70,9,81,82,25,<pad>,<pad>,<pad>,<pad>,<pad>,<pad>,<pad>,<pad>,<pad>,<pad>,<pad>,<pad>,<pad>
368,6,32,47,14,9,18,84,36,4,<pad>,<pad>,<pad>,<pad>,<pad>,<pad>,<pad>,<pad>,<pad>,<pad>,<pad>,<pad>
369,1,37,24,10,<pad>,<pad>,<pad>,<pad>,<pad>,<pad>,<pad>,<pad>,<pad>,<pad>,<pad>,<pad>,<pad>,<pad>,<pad>,<pad>,<pad>
370,3,39,69,24,85,9,<pad>,<pad>,<pad>,<pad>,<pad>,<pad>,<pad>,<pad>,<pad>,<pad>,<pad>,<pad>,<pad>,<pad>,<pad>
371,1,9,71,81,<pad>,<pad>,<pad>,<pad>,<pad>,<pad>,<pad>,<pad>,<pad>,<pad>,<pad>,<pad>,<pad>,<pad>,<pad>,<pad>,<pad>
372,8,1,47,27,81,44,45,82,13,17,0,<pad>,<pad>,<pad>,<pad>,<pad>,<pad>,<pad>,<pad>,<pad>,<pad>
373,7,39,2,40,51,36,37,4,41,21,<pad>,<pad>,<pad>,<pad>,<pad>,<pad>,<pad>,<pad>,<pad>,<pad>,<pad>
374,1,32,42,11,<pad>,<pad>,<pad>,<pad>,<pad>,<pad>,<pad>,<pad>,<pad>,<pad>,<pad>,<pad>,<pad>,<pad>,<pad>,<pad>,<pad>
375,2,32,71,42,11,<pad>,<pad>,<pad>,<pad>,<pad>,<pad>,<pad>,<pad>,<pad>,<pad>,<pad>,<pad>,<pad>,<pad>,<pad>,<pad>
376,1,9,71,35,<pad>,<pad>,<pad>,<pad>,<pad>,<pad>,<pad>,<pad>,<pad>,<pad>,<pad>,<pad>,<pad>,<pad>,<pad>,<pad>,<pad>
377,9,71,50,15,35,23,9,68,22,41,19,16,<pad>,<pad>,<pad>,<pad>,<pad>,<pad>,<pad>,<pad>,<pad>
378,4,17,13,50,70,2,40,<pad>,<pad>,<pad>,<pad>,<pad>,<pad>,<pad>,<pad>,<pad>,<pad>,<pad>,<pad>,<pad>,<pad>
379,1,17,14,71,<pad>,<pad>,<pad>,<pad>,<pad>,<pad>,<pad>,<pad>,<pad>,<pad>,<pad>,<pad>,<pad>,<pad>,<pad>,<pad>,<pad>
380,1,17,13,11,<pad>,<pad>,<pad>,<pad>,<pad>,<pad>,<pad>,<pad>,<pad>,<pad>,<pad>,<pad>,<pad>,<pad>,<pad>,<pad>,<pad>
381,2,18,13,17,32,<pad>,<pad>,<pad>,<pad>,<pad>,<pad>,<pad>,<pad>,<pad>,<pad>,<pad>,<pad>,<pad>,<pad>,<pad>,<pad>
382,1,72,39,71,<pad>,<pad>,<pad>,<pad>,<pad>,<pad>,<pad>,<pad>,<pad>,<pad>,<pad>,<pad>,<pad>,<pad>,<pad>,<pad>,<pad>
383,2,27,71,50,8,<pad>,<pad>,<pad>,<pad>,<pad>,<pad>,<pad>,<pad>,<pad>,<pad>,<pad>,<pad>,<pad>,<pad>,<pad>,<pad>
384,1,82,81,28,<pad>,<pad>,<pad>,<pad>,<pad>,<pad>,<pad>,<pad>,<pad>,<pad>,<pad>,<pad>,<pad>,<pad>,<pad>,<pad>,<pad>
385,2,7,84,22,82,<pad>,<pad>,<pad>,<pad>,<pad>,<pad>,<pad>,<pad>,<pad>,<pad>,<pad>,<pad>,<pad>,<pad>,<pad>,<pad>
386,1,84,9,25,<pad>,<pad>,<pad>,<pad>,<pad>,<pad>,<pad>,<pad>,<pad>,<pad>,<pad>,<pad>,<pad>,<pad>,<pad>,<pad>,<pad>
387,2,73,4,3,26,<pad>,<pad>,<pad>,<pad>,<pad>,<pad>,<pad>,<pad>,<pad>,<pad>,<pad>,<pad>,<pad>,<pad>,<pad>,<pad>
388,1,9,25,82,<pad>,<pad>,<pad>,<pad>,<pad>,<pad>,<pad>,<pad>,<pad>,<pad>,<pad>,<pad>,<pad>,<pad>,<pad>,<pad>,<pad>
389,2,34,31,44,25,<pad>,<pad>,<pad>,<pad>,<pad>,<pad>,<pad>,<pad>,<pad>,<pad>,<pad>,<pad>,<pad>,<pad>,<pad>,<pad>
390,1,36,41,22,<pad>,<pad>,<pad>,<pad>,<pad>,<pad>,<pad>,<pad>,<pad>,<pad>,<pad>,<pad>,<pad>,<pad>,<pad>,<pad>,<pad>
391,1,50,71,82,<pad>,<pad>,<pad>,<pad>,<pad>,<pad>,<pad>,<pad>,<pad>,<pad>,<pad>,<pad>,<pad>,<pad>,<pad>,<pad>,<pad>
392,13,82,81,44,45,71,68,57,79,6,78,39,35,9,32,42,<pad>,<pad>,<pad>,<pad>,<pad>
393,2,32,38,85,80,<pad>,<pad>,<pad>,<pad>,<pad>,<pad>,<pad>,<pad>,<pad>,<pad>,<pad>,<pad>,<pad>,<pad>,<pad>,<pad>
394,1,85,14,27,<pad>,<pad>,<pad>,<pad>,<pad>,<pad>,<pad>,<pad>,<pad>,<pad>,<pad>,<pad>,<pad>,<pad>,<pad>,<pad>,<pad>
395,2,85,32,23,84,<pad>,<pad>,<pad>,<pad>,<pad>,<pad>,<pad>,<pad>,<pad>,<pad>,<pad>,<pad>,<pad>,<pad>,<pad>,<pad>
396,1,0,31,71,<pad>,<pad>,<pad>,<pad>,<pad>,<pad>,<pad>,<pad>,<pad>,<pad>,<pad>,<pad>,<pad>,<pad>,<pad>,<pad>,<pad>
397,1,46,70,35,<pad>,<pad>,<pad>,<pad>,<pad>,<pad>,<pad>,<pad>,<pad>,<pad>,<pad>,<pad>,<pad>,<pad>,<pad>,<pad>,<pad>
398,4,71,36,82,21,9,45,<pad>,<pad>,<pad>,<pad>,<pad>,<pad>,<pad>,<pad>,<pad>,<pad>,<pad>,<pad>,<pad>,<pad>
399,1,1,53,85,<pad>,<pad>,<pad>,<pad>,<pad>,<pad>,<pad>,<pad>,<pad>,<pad>,<pad>,<pad>,<pad>,<pad>,<pad>,<pad>,<pad>
400,1,36,84,16,<pad>,<pad>,<pad>,<pad>,<pad>,<pad>,<pad>,<pad>,<pad>,<pad>,<pad>,<pad>,<pad>,<pad>,<pad>,<pad>,<pad>
401,1,71,50,82,<pad>,<pad>,<pad>,<pad>,<pad>,<pad>,<pad>,<pad>,<pad>,<pad>,<pad>,<pad>,<pad>,<pad>,<pad>,<pad>,<pad>
402,1,50,81,82,<pad>,<pad>,<pad>,<pad>,<pad>,<pad>,<pad>,<pad>,<pad>,<pad>,<pad>,<pad>,<pad>,<pad>,<pad>,<pad>,<pad>
403,1,53,82,0,<pad>,<pad>,<pad>,<pad>,<pad>,<pad>,<pad>,<pad>,<pad>,<pad>,<pad>,<pad>,<pad>,<pad>,<pad>,<pad>,<pad>
404,2,57,52,81,82,<pad>,<pad>,<pad>,<pad>,<pad>,<pad>,<pad>,<pad>,<pad>,<pad>,<pad>,<pad>,<pad>,<pad>,<pad>,<pad>
405,2,13,35,21,16,<pad>,<pad>,<pad>,<pad>,<pad>,<pad>,<pad>,<pad>,<pad>,<pad>,<pad>,<pad>,<pad>,<pad>,<pad>,<pad>
406,6,32,2,5,9,8,35,39,70,<pad>,<pad>,<pad>,<pad>,<pad>,<pad>,<pad>,<pad>,<pad>,<pad>,<pad>,<pad>
407,2,76,49,81,9,<pad>,<pad>,<pad>,<pad>,<pad>,<pad>,<pad>,<pad>,<pad>,<pad>,<pad>,<pad>,<pad>,<pad>,<pad>,<pad>
408,3,19,32,8,13,0,<pad>,<pad>,<pad>,<pad>,<pad>,<pad>,<pad>,<pad>,<pad>,<pad>,<pad>,<pad>,<pad>,<pad>,<pad>
409,1,67,25,44,<pad>,<pad>,<pad>,<pad>,<pad>,<pad>,<pad>,<pad>,<pad>,<pad>,<pad>,<pad>,<pad>,<pad>,<pad>,<pad>,<pad>
410,9,61,15,82,50,71,81,44,45,25,40,21,<pad>,<pad>,<pad>,<pad>,<pad>,<pad>,<pad>,<pad>,<pad>
411,1,16,84,41,<pad>,<pad>,<pad>,<pad>,<pad>,<pad>,<pad>,<pad>,<pad>,<pad>,<pad>,<pad>,<pad>,<pad>,<pad>,<pad>,<pad>
412,4,11,35,9,50,44,23,<pad>,<pad>,<pad>,<pad>,<pad>,<pad>,<pad>,<pad>,<pad>,<pad>,<pad>,<pad>,<pad>,<pad>
413,3,35,71,50,17,41,<pad>,<pad>,<pad>,<pad>,<pad>,<pad>,<pad>,<pad>,<pad>,<pad>,<pad>,<pad>,<pad>,<pad>,<pad>
414,2,48,19,14,27,<pad>,<pad>,<pad>,<pad>,<pad>,<pad>,<pad>,<pad>,<pad>,<pad>,<pad>,<pad>,<pad>,<pad>,<pad>,<pad>
415,2,8,18,36,24,<pad>,<pad>,<pad>,<pad>,<pad>,<pad>,<pad>,<pad>,<pad>,<pad>,<pad>,<pad>,<pad>,<pad>,<pad>,<pad>
416,1,84,22,2,<pad>,<pad>,<pad>,<pad>,<pad>,<pad>,<pad>,<pad>,<pad>,<pad>,<pad>,<pad>,<pad>,<pad>,<pad>,<pad>,<pad>
417,4,50,82,81,67,63,35,<pad>,<pad>,<pad>,<pad>,<pad>,<pad>,<pad>,<pad>,<pad>,<pad>,<pad>,<pad>,<pad>,<pad>
418,1,14,15,9,<pad>,<pad>,<pad>,<pad>,<pad>,<pad>,<pad>,<pad>,<pad>,<pad>,<pad>,<pad>,<pad>,<pad>,<pad>,<pad>,<pad>
419,3,15,17,14,85,38,<pad>,<pad>,<pad>,<pad>,<pad>,<pad>,<pad>,<pad>,<pad>,<pad>,<pad>,<pad>,<pad>,<pad>,<pad>
420,2,69,48,3,4,<pad>,<pad>,<pad>,<pad>,<pad>,<pad>,<pad>,<pad>,<pad>,<pad>,<pad>,<pad>,<pad>,<pad>,<pad>,<pad>
421,7,5,25,45,63,2,57,71,50,15,<pad>,<pad>,<pad>,<pad>,<pad>,<pad>,<pad>,<pad>,<pad>,<pad>,<pad>
422,1,44,31,81,<pad>,<pad>,<pad>,<pad>,<pad>,<pad>,<pad>,<pad>,<pad>,<pad>,<pad>,<pad>,<pad>,<pad>,<pad>,<pad>,<pad>
423,2,32,50,71,70,<pad>,<pad>,<pad>,<pad>,<pad>,<pad>,<pad>,<pad>,<pad>,<pad>,<pad>,<pad>,<pad>,<pad>,<pad>,<pad>
424,11,16,19,85,71,50,35,70,23,9,22,84,41,4,<pad>,<pad>,<pad>,<pad>,<pad>,<pad>,<pad>
425,7,21,32,41,25,85,80,18,71,62,<pad>,<pad>,<pad>,<pad>,<pad>,<pad>,<pad>,<pad>,<pad>,<pad>,<pad>
426,2,50,17,13,71,<pad>,<pad>,<pad>,<pad>,<pad>,<pad>,<pad>,<pad>,<pad>,<pad>,<pad>,<pad>,<pad>,<pad>,<pad>,<pad>
427,1,85,15,80,<pad>,<pad>,<pad>,<pad>,<pad>,<pad>,<pad>,<pad>,<pad>,<pad>,<pad>,<pad>,<pad>,<pad>,<pad>,<pad>,<pad>
428,1,31,29,38,<pad>,<pad>,<pad>,<pad>,<pad>,<pad>,<pad>,<pad>,<pad>,<pad>,<pad>,<pad>,<pad>,<pad>,<pad>,<pad>,<pad>
429,4,50,82,71,81,84,41,<pad>,<pad>,<pad>,<pad>,<pad>,<pad>,<pad>,<pad>,<pad>,<pad>,<pad>,<pad>,<pad>,<pad>
430,1,71,81,45,<pad>,<pad>,<pad>,<pad>,<pad>,<pad>,<pad>,<pad>,<pad>,<pad>,<pad>,<pad>,<pad>,<pad>,<pad>,<pad>,<pad>
431,4,40,51,48,85,15,35,<pad>,<pad>,<pad>,<pad>,<pad>,<pad>,<pad>,<pad>,<pad>,<pad>,<pad>,<pad>,<pad>,<pad>
432,4,13,70,15,10,81,82,<pad>,<pad>,<pad>,<pad>,<pad>,<pad>,<pad>,<pad>,<pad>,<pad>,<pad>,<pad>,<pad>,<pad>
433,1,27,46,25,<pad>,<pad>,<pad>,<pad>,<pad>,<pad>,<pad>,<pad>,<pad>,<pad>,<pad>,<pad>,<pad>,<pad>,<pad>,<pad>,<pad>
434,1,84,82,50,<pad>,<pad>,<pad>,<pad>,<pad>,<pad>,<pad>,<pad>,<pad>,<pad>,<pad>,<pad>,<pad>,<pad>,<pad>,<pad>,<pad>
435,2,39,45,0,49,<pad>,<pad>,<pad>,<pad>,<pad>,<pad>,<pad>,<pad>,<pad>,<pad>,<pad>,<pad>,<pad>,<pad>,<pad>,<pad>
436,3,31,50,70,71,49,<pad>,<pad>,<pad>,<pad>,<pad>,<pad>,<pad>,<pad>,<pad>,<pad>,<pad>,<pad>,<pad>,<pad>,<pad>
437,1,72,48,24,<pad>,<pad>,<pad>,<pad>,<pad>,<pad>,<pad>,<pad>,<pad>,<pad>,<pad>,<pad>,<pad>,<pad>,<pad>,<pad>,<pad>
438,2,19,16,4,24,<pad>,<pad>,<pad>,<pad>,<pad>,<pad>,<pad>,<pad>,<pad>,<pad>,<pad>,<pad>,<pad>,<pad>,<pad>,<pad>
439,1,65,84,32,<pad>,<pad>,<pad>,<pad>,<pad>,<pad>,<pad>,<pad>,<pad>,<pad>,<pad>,<pad>,<pad>,<pad>,<pad>,<pad>,<pad>
440,1,47,15,85,<pad>,<pad>,<pad>,<pad>,<pad>,<pad>,<pad>,<pad>,<pad>,<pad>,<pad>,<pad>,<pad>,<pad>,<pad>,<pad>,<pad>
441,1,32,53,47,<pad>,<pad>,<pad>,<pad>,<pad>,<pad>,<pad>,<pad>,<pad>,<pad>,<pad>,<pad>,<pad>,<pad>,<pad>,<pad>,<pad>
